Date,A1_MaxT_degC,A1_MinT_degC,A1_MeanT_degC,A2_MaxT_degC,A2_MinT_degC,A2_MeanT_degC,A_MaxSC_degC,A_MinSC_degC,A_MeanSC_degC,E_MeanT_ft^3/s,E_MaxT_degC,E_MinT_degC,E_MeanT_degC,D1_MinT_degC,D2_MinT_degC,D1_MaxT_degC,D3_MaxT_degC,D2_MaxT_degC,D1_MeanT_degC,D2_MeanT_degC,D3_MinT_degC,D3_MeanT_degC,C1_MinT_degC,C1_MeanT_degC,C2_MeanT_degC,C2_MinT_degC,C3_MeanT_degC,C2_MaxT_degC,C3_MinT_degC,C3_MaxT_degC,C1_MaxT_degC,B1_MaxT_degC,B1_MeanT_degC,B3_MinT_degC,B3_MeanT_degC,B2_MinT_degC,B2_MaxT_degC,B3_MaxT_degC,B2_MeanT_degC,B1_MinT_degC,F_MaxT_degC,F_MinT_degC,F_MeanT_degC,F_MaxSC_degC,F_MinSC_degC,F_MeanSC_degC,G_MaxT_degC,G_MinT_degC,G_MeanT_degC,G_D-SP_inches,H_MinT_degC,H_MeanT_degC,H_MaxT_degC,I_MeanD_ft^3/s,J_D-IGH_ft
2023-08-28,15.4,14.4,14.8,14.8,14.0,14.4,239,211,225,347,10.8,7.7,8.6,5.7,9.1,6.7,5.4,14.9,6.0,12.3,5.1,5.2,5.3,5.4,8.6,7.9,14.1,9.5,12.6,15.0,5.6,13.5,11.6,5.2,5.3,5.5,6.2,5.6,5.7,8.1,11.0,8.5,9.7,295,290,293,10.5,9.8,10.1,0.0,8.5,9.0,9.5,68.1,16.3
2023-08-29,15.4,14.4,14.8,14.8,14.0,14.4,239,211,225,347,10.8,7.7,8.6,5.7,9.1,6.7,5.4,14.9,6.0,12.3,5.1,5.2,5.3,5.4,8.6,7.9,14.1,9.5,12.6,15.0,5.6,13.5,11.6,5.2,5.3,5.5,6.2,5.6,5.7,8.1,11.0,8.5,9.7,295,290,293,10.5,9.8,10.1,0.0,8.5,9.0,9.5,68.1,16.3
2023-08-30,15.4,14.4,14.8,14.8,14.0,14.4,239,211,225,347,10.8,7.7,8.6,5.7,9.1,6.7,5.4,14.9,6.0,12.3,5.1,5.2,5.3,5.4,8.6,7.9,14.1,9.5,12.6,15.0,5.6,13.5,11.6,5.2,5.3,5.5,6.2,5.6,5.7,8.1,11.0,8.5,9.7,295,290,293,10.5,9.8,10.1,0.0,8.5,9.0,9.5,68.1,16.3
2023-08-31,15.4,14.4,14.8,14.8,14.0,14.4,239,211,225,347,10.8,7.7,8.6,5.7,9.1,6.7,5.4,14.9,6.0,12.3,5.1,5.2,5.3,5.4,8.6,7.9,14.1,9.5,12.6,15.0,5.6,13.5,11.6,5.2,5.3,5.5,6.2,5.6,5.7,8.1,11.0,8.5,9.7,295,290,293,10.5,9.8,10.1,0.0,8.5,9.0,9.5,68.1,16.3
2023-09-01,16.0,15.4,15.6,16.0,14.8,15.5,244,209,229,426,10.8,8.3,9.1,6.2,11.4,6.7,5.6,13.6,6.4,12.5,5.3,5.4,5.3,5.4,8.4,7.8,14.2,9.0,12.9,15.9,5.7,11.6,9.7,5.2,5.3,5.5,6.3,5.8,5.7,8.4,11.7,8.5,9.8,293,289,292,11.5,9.7,10.5,0.0,8.9,9.5,10.1,67.4,16.3
2023-09-02,16.0,15.4,15.6,16.0,14.8,15.5,244,209,229,426,10.8,8.3,9.1,6.2,11.4,6.7,5.6,13.6,6.4,12.5,5.3,5.4,5.3,5.4,8.4,7.8,14.2,9.0,12.9,15.9,5.7,11.6,9.7,5.2,5.3,5.5,6.3,5.8,5.7,8.4,11.7,8.5,9.8,293,289,292,11.5,9.7,10.5,0.0,8.9,9.5,10.1,67.4,16.3
2023-09-03,16.0,15.4,15.6,16.0,14.8,15.5,244,209,229,426,10.8,8.3,9.1,6.2,11.4,6.7,5.6,13.6,6.4,12.5,5.3,5.4,5.3,5.4,8.4,7.8,14.2,9.0,12.9,15.9,5.7,11.6,9.7,5.2,5.3,5.5,6.3,5.8,5.7,8.4,11.7,8.5,9.8,293,289,292,11.5,9.7,10.5,0.0,8.9,9.5,10.1,67.4,16.3
2023-09-04,16.0,15.4,15.6,16.0,14.8,15.5,244,209,229,426,10.8,8.3,9.1,6.2,11.4,6.7,5.6,13.6,6.4,12.5,5.3,5.4,5.3,5.4,8.4,7.8,14.2,9.0,12.9,15.9,5.7,11.6,9.7,5.2,5.3,5.5,6.3,5.8,5.7,8.4,11.7,8.5,9.8,293,289,292,11.5,9.7,10.5,0.0,8.9,9.5,10.1,67.4,16.3
2023-09-05,16.4,15.5,16.0,16.3,15.4,15.7,232,177,208,473,9.6,8.2,9.0,5.3,8.3,6.3,5.3,12.9,5.7,11.1,5.2,5.2,5.3,5.4,8.6,8.0,14.3,9.3,13.1,15.6,5.4,10.6,9.5,5.3,5.6,5.6,6.4,5.9,6.0,8.1,11.2,10.1,10.9,294,292,293,10.3,9.7,10.0,0.0,9.6,10.3,10.7,66.3,16.3
2023-09-06,16.4,15.5,16.0,16.3,15.4,15.7,232,177,208,473,9.6,8.2,9.0,5.3,8.3,6.3,5.3,12.9,5.7,11.1,5.2,5.2,5.3,5.4,8.6,8.0,14.3,9.3,13.1,15.6,5.4,10.6,9.5,5.3,5.6,5.6,6.4,5.9,6.0,8.1,11.2,10.1,10.9,294,292,293,10.3,9.7,10.0,0.0,9.6,10.3,10.7,66.3,16.3
2023-09-07,16.4,15.5,16.0,16.3,15.4,15.7,232,177,208,473,9.6,8.2,9.0,5.3,8.3,6.3,5.3,12.9,5.7,11.1,5.2,5.2,5.3,5.4,8.6,8.0,14.3,9.3,13.1,15.6,5.4,10.6,9.5,5.3,5.6,5.6,6.4,5.9,6.0,8.1,11.2,10.1,10.9,294,292,293,10.3,9.7,10.0,0.0,9.6,10.3,10.7,66.3,16.3
2023-09-08,16.4,15.5,16.0,16.3,15.4,15.7,232,177,208,473,9.6,8.2,9.0,5.3,8.3,6.3,5.3,12.9,5.7,11.1,5.2,5.2,5.3,5.4,8.6,8.0,14.3,9.3,13.1,15.6,5.4,10.6,9.5,5.3,5.6,5.6,6.4,5.9,6.0,8.1,11.2,10.1,10.9,294,292,293,10.3,9.7,10.0,0.0,9.6,10.3,10.7,66.3,16.3
2023-09-09,16.0,15.0,15.6,15.9,15.1,15.5,222,200,212,475,9.7,8.5,9.0,5.3,9.2,5.9,5.3,12.5,5.5,11.6,5.1,5.2,5.3,5.4,8.8,8.3,13.8,9.5,13.5,14.2,5.5,10.6,9.3,5.2,5.4,5.6,6.2,5.6,6.0,8.1,10.9,9.9,10.3,295,293,294,9.7,9.2,9.4,0.2,10.0,10.2,10.4,72.6,16.3
2023-09-10,16.0,15.0,15.6,15.9,15.1,15.5,222,200,212,475,9.7,8.5,9.0,5.3,9.2,5.9,5.3,12.5,5.5,11.6,5.1,5.2,5.3,5.4,8.8,8.3,13.8,9.5,13.5,14.2,5.5,10.6,9.3,5.2,5.4,5.6,6.2,5.6,6.0,8.1,10.9,9.9,10.3,295,293,294,9.7,9.2,9.4,0.2,10.0,10.2,10.4,72.6,16.3
2023-09-11,16.0,15.0,15.6,15.9,15.1,15.5,222,200,212,475,9.7,8.5,9.0,5.3,9.2,5.9,5.3,12.5,5.5,11.6,5.1,5.2,5.3,5.4,8.8,8.3,13.8,9.5,13.5,14.2,5.5,10.6,9.3,5.2,5.4,5.6,6.2,5.6,6.0,8.1,10.9,9.9,10.3,295,293,294,9.7,9.2,9.4,0.2,10.0,10.2,10.4,72.6,16.3
2023-09-12,16.0,15.0,15.6,15.9,15.1,15.5,222,200,212,475,9.7,8.5,9.0,5.3,9.2,5.9,5.3,12.5,5.5,11.6,5.1,5.2,5.3,5.4,8.8,8.3,13.8,9.5,13.5,14.2,5.5,10.6,9.3,5.2,5.4,5.6,6.2,5.6,6.0,8.1,10.9,9.9,10.3,295,293,294,9.7,9.2,9.4,0.2,10.0,10.2,10.4,72.6,16.3
2023-09-13,15.6,14.8,15.0,15.2,14.7,14.9,237,211,221,475,10.7,9.3,9.8,5.4,9.5,6.8,5.5,12.7,6.2,11.5,5.1,5.3,5.4,5.4,9.0,8.6,13.6,9.4,13.2,15.1,5.5,12.5,11.3,5.2,5.3,5.5,6.2,5.4,6.0,10.3,10.8,9.5,10.1,295,292,294,11.9,9.2,10.0,0.1,10.1,10.7,11.5,71.6,16.3
2023-09-14,15.6,14.8,15.0,15.2,14.7,14.9,237,211,221,475,10.7,9.3,9.8,5.4,9.5,6.8,5.5,12.7,6.2,11.5,5.1,5.3,5.4,5.4,9.0,8.6,13.6,9.4,13.2,15.1,5.5,12.5,11.3,5.2,5.3,5.5,6.2,5.4,6.0,10.3,10.8,9.5,10.1,295,292,294,11.9,9.2,10.0,0.1,10.1,10.7,11.5,71.6,16.3
2023-09-15,15.6,14.8,15.0,15.2,14.7,14.9,237,211,221,475,10.7,9.3,9.8,5.4,9.5,6.8,5.5,12.7,6.2,11.5,5.1,5.3,5.4,5.4,9.0,8.6,13.6,9.4,13.2,15.1,5.5,12.5,11.3,5.2,5.3,5.5,6.2,5.4,6.0,10.3,10.8,9.5,10.1,295,292,294,11.9,9.2,10.0,0.1,10.1,10.7,11.5,71.6,16.3
2023-09-16,15.6,14.8,15.0,15.2,14.7,14.9,237,211,221,475,10.7,9.3,9.8,5.4,9.5,6.8,5.5,12.7,6.2,11.5,5.1,5.3,5.4,5.4,9.0,8.6,13.6,9.4,13.2,15.1,5.5,12.5,11.3,5.2,5.3,5.5,6.2,5.4,6.0,10.3,10.8,9.5,10.1,295,292,294,11.9,9.2,10.0,0.1,10.1,10.7,11.5,71.6,16.3
2023-09-17,15.9,15.2,15.5,15.6,15.1,15.2,250,225,237,473,10.3,9.1,9.5,6.1,12.0,6.9,5.6,13.8,6.6,13.0,5.3,5.5,5.4,5.5,8.7,8.3,14.0,9.0,13.2,15.8,5.6,12.9,12.2,5.2,5.4,5.5,6.1,5.7,5.7,11.2,13.5,9.7,11.4,297,289,293,12.7,9.9,11.1,0.0,10.3,11.0,12.0,67.9,16.3
2023-09-18,15.9,15.2,15.5,15.6,15.1,15.2,250,225,237,473,10.3,9.1,9.5,6.1,12.0,6.9,5.6,13.8,6.6,13.0,5.3,5.5,5.4,5.5,8.7,8.3,14.0,9.0,13.2,15.8,5.6,12.9,12.2,5.2,5.4,5.5,6.1,5.7,5.7,11.2,13.5,9.7,11.4,297,289,293,12.7,9.9,11.1,0.0,10.3,11.0,12.0,67.9,16.3
2023-09-19,15.9,15.2,15.5,15.6,15.1,15.2,250,225,237,473,10.3,9.1,9.5,6.1,12.0,6.9,5.6,13.8,6.6,13.0,5.3,5.5,5.4,5.5,8.7,8.3,14.0,9.0,13.2,15.8,5.6,12.9,12.2,5.2,5.4,5.5,6.1,5.7,5.7,11.2,13.5,9.7,11.4,297,289,293,12.7,9.9,11.1,0.0,10.3,11.0,12.0,67.9,16.3
2023-09-20,15.9,15.2,15.5,15.6,15.1,15.2,250,225,237,473,10.3,9.1,9.5,6.1,12.0,6.9,5.6,13.8,6.6,13.0,5.3,5.5,5.4,5.5,8.7,8.3,14.0,9.0,13.2,15.8,5.6,12.9,12.2,5.2,5.4,5.5,6.1,5.7,5.7,11.2,13.5,9.7,11.4,297,289,293,12.7,9.9,11.1,0.0,10.3,11.0,12.0,67.9,16.3
2023-09-21,16.5,15.7,15.9,16.0,15.3,15.6,240,202,225,361,12.4,9.0,10.1,5.7,11.2,7.6,6.1,15.4,6.4,13.1,5.3,5.5,5.4,5.5,8.6,7.9,14.8,9.4,13.8,15.8,5.7,14.6,13.5,5.4,5.6,5.7,6.8,5.8,6.2,11.3,13.5,10.5,12.0,296,291,293,12.4,10.6,11.7,0.0,10.9,11.1,11.3,75.8,16.4
2023-09-22,16.5,15.7,15.9,16.0,15.3,15.6,240,202,225,361,12.4,9.0,10.1,5.7,11.2,7.6,6.1,15.4,6.4,13.1,5.3,5.5,5.4,5.5,8.6,7.9,14.8,9.4,13.8,15.8,5.7,14.6,13.5,5.4,5.6,5.7,6.8,5.8,6.2,11.3,13.5,10.5,12.0,296,291,293,12.4,10.6,11.7,0.0,10.9,11.1,11.3,75.8,16.4
2023-09-23,16.5,15.7,15.9,16.0,15.3,15.6,240,202,225,361,12.4,9.0,10.1,5.7,11.2,7.6,6.1,15.4,6.4,13.1,5.3,5.5,5.4,5.5,8.6,7.9,14.8,9.4,13.8,15.8,5.7,14.6,13.5,5.4,5.6,5.7,6.8,5.8,6.2,11.3,13.5,10.5,12.0,296,291,293,12.4,10.6,11.7,0.0,10.9,11.1,11.3,75.8,16.4
2023-09-24,16.5,15.7,15.9,16.0,15.3,15.6,240,202,225,361,12.4,9.0,10.1,5.7,11.2,7.6,6.1,15.4,6.4,13.1,5.3,5.5,5.4,5.5,8.6,7.9,14.8,9.4,13.8,15.8,5.7,14.6,13.5,5.4,5.6,5.7,6.8,5.8,6.2,11.3,13.5,10.5,12.0,296,291,293,12.4,10.6,11.7,0.0,10.9,11.1,11.3,75.8,16.4
2023-09-25,16.6,16.1,16.3,16.2,15.7,16.0,242,210,228,191,13.1,10.7,12.3,5.5,13.6,6.9,6.0,14.8,6.2,14.3,5.4,5.6,5.4,5.5,8.3,7.6,14.3,9.0,13.8,14.8,5.6,14.1,13.6,5.3,5.4,5.5,6.3,5.8,5.8,11.9,10.5,6.8,8.1,297,290,294,11.8,10.6,11.2,0.0,10.6,11.3,12.3,68.4,16.4
2023-09-26,16.6,16.1,16.3,16.2,15.7,16.0,242,210,228,191,13.1,10.7,12.3,5.5,13.6,6.9,6.0,14.8,6.2,14.3,5.4,5.6,5.4,5.5,8.3,7.6,14.3,9.0,13.8,14.8,5.6,14.1,13.6,5.3,5.4,5.5,6.3,5.8,5.8,11.9,10.5,6.8,8.1,297,290,294,11.8,10.6,11.2,0.0,10.6,11.3,12.3,68.4,16.4
2023-09-27,16.6,16.1,16.3,16.2,15.7,16.0,242,210,228,191,13.1,10.7,12.3,5.5,13.6,6.9,6.0,14.8,6.2,14.3,5.4,5.6,5.4,5.5,8.3,7.6,14.3,9.0,13.8,14.8,5.6,14.1,13.6,5.3,5.4,5.5,6.3,5.8,5.8,11.9,10.5,6.8,8.1,297,290,294,11.8,10.6,11.2,0.0,10.6,11.3,12.3,68.4,16.4
2023-09-28,16.6,16.1,16.3,16.2,15.7,16.0,242,210,228,191,13.1,10.7,12.3,5.5,13.6,6.9,6.0,14.8,6.2,14.3,5.4,5.6,5.4,5.5,8.3,7.6,14.3,9.0,13.8,14.8,5.6,14.1,13.6,5.3,5.4,5.5,6.3,5.8,5.8,11.9,10.5,6.8,8.1,297,290,294,11.8,10.6,11.2,0.0,10.6,11.3,12.3,68.4,16.4
2023-09-29,16.3,15.8,16.0,16.0,15.7,15.9,244,210,231,203,12.2,10.8,11.5,5.4,11.7,5.9,5.5,13.9,5.6,13.0,5.3,5.4,5.4,5.5,8.9,8.4,14.4,9.3,14.2,14.5,5.7,12.7,12.2,5.3,5.5,5.6,6.9,5.9,6.2,11.1,9.0,7.0,7.8,297,288,293,13.0,11.0,12.0,0.0,10.6,11.8,13.2,63.0,16.5
2023-09-30,16.3,15.8,16.0,16.0,15.7,15.9,244,210,231,203,12.2,10.8,11.5,5.4,11.7,5.9,5.5,13.9,5.6,13.0,5.3,5.4,5.4,5.5,8.9,8.4,14.4,9.3,14.2,14.5,5.7,12.7,12.2,5.3,5.5,5.6,6.9,5.9,6.2,11.1,9.0,7.0,7.8,297,288,293,13.0,11.0,12.0,0.0,10.6,11.8,13.2,63.0,16.5
2023-10-01,16.3,15.8,16.0,16.0,15.7,15.9,244,210,231,203,12.2,10.8,11.5,5.4,11.7,5.9,5.5,13.9,5.6,13.0,5.3,5.4,5.4,5.5,8.9,8.4,14.4,9.3,14.2,14.5,5.7,12.7,12.2,5.3,5.5,5.6,6.9,5.9,6.2,11.1,9.0,7.0,7.8,297,288,293,13.0,11.0,12.0,0.0,10.6,11.8,13.2,63.0,16.5
2023-10-02,16.3,15.8,16.0,16.0,15.7,15.9,244,210,231,203,12.2,10.8,11.5,5.4,11.7,5.9,5.5,13.9,5.6,13.0,5.3,5.4,5.4,5.5,8.9,8.4,14.4,9.3,14.2,14.5,5.7,12.7,12.2,5.3,5.5,5.6,6.9,5.9,6.2,11.1,9.0,7.0,7.8,297,288,293,13.0,11.0,12.0,0.0,10.6,11.8,13.2,63.0,16.5
2023-10-03,16.4,15.7,16.0,16.1,15.6,15.9,243,227,236,222,11.5,10.8,11.2,5.5,12.1,6.0,5.5,14.1,5.7,13.3,5.2,5.3,5.5,5.6,8.8,8.4,14.4,9.2,14.1,15.1,5.7,13.3,12.9,5.4,5.6,5.6,6.5,5.8,6.1,11.8,10.1,7.9,9.2,293,291,292,12.9,11.4,12.1,0.0,11.0,11.6,12.1,58.7,16.5
2023-10-04,16.4,15.7,16.0,16.1,15.6,15.9,243,227,236,222,11.5,10.8,11.2,5.5,12.1,6.0,5.5,14.1,5.7,13.3,5.2,5.3,5.5,5.6,8.8,8.4,14.4,9.2,14.1,15.1,5.7,13.3,12.9,5.4,5.6,5.6,6.5,5.8,6.1,11.8,10.1,7.9,9.2,293,291,292,12.9,11.4,12.1,0.0,11.0,11.6,12.1,58.7,16.5
2023-10-05,16.4,15.7,16.0,16.1,15.6,15.9,243,227,236,222,11.5,10.8,11.2,5.5,12.1,6.0,5.5,14.1,5.7,13.3,5.2,5.3,5.5,5.6,8.8,8.4,14.4,9.2,14.1,15.1,5.7,13.3,12.9,5.4,5.6,5.6,6.5,5.8,6.1,11.8,10.1,7.9,9.2,293,291,292,12.9,11.4,12.1,0.0,11.0,11.6,12.1,58.7,16.5
2023-10-06,16.4,15.7,16.0,16.1,15.6,15.9,243,227,236,222,11.5,10.8,11.2,5.5,12.1,6.0,5.5,14.1,5.7,13.3,5.2,5.3,5.5,5.6,8.8,8.4,14.4,9.2,14.1,15.1,5.7,13.3,12.9,5.4,5.6,5.6,6.5,5.8,6.1,11.8,10.1,7.9,9.2,293,291,292,12.9,11.4,12.1,0.0,11.0,11.6,12.1,58.7,16.5
2023-10-07,16.3,15.5,16.0,16.1,15.7,15.9,243,228,233,223,11.6,10.6,11.2,5.8,12.3,6.4,5.5,14.4,6.0,13.8,5.4,5.5,5.4,5.5,8.7,8.1,14.1,9.2,13.9,14.3,5.7,13.1,12.7,5.3,5.6,5.6,6.3,6.1,6.0,11.8,12.1,10.1,11.0,294,292,293,11.6,10.5,11.1,0.2,11.4,11.6,12.1,63.2,16.6
2023-10-08,16.3,15.5,16.0,16.1,15.7,15.9,243,228,233,223,11.6,10.6,11.2,5.8,12.3,6.4,5.5,14.4,6.0,13.8,5.4,5.5,5.4,5.5,8.7,8.1,14.1,9.2,13.9,14.3,5.7,13.1,12.7,5.3,5.6,5.6,6.3,6.1,6.0,11.8,12.1,10.1,11.0,294,292,293,11.6,10.5,11.1,0.2,11.4,11.6,12.1,63.2,16.6
2023-10-09,16.3,15.5,16.0,16.1,15.7,15.9,243,228,233,223,11.6,10.6,11.2,5.8,12.3,6.4,5.5,14.4,6.0,13.8,5.4,5.5,5.4,5.5,8.7,8.1,14.1,9.2,13.9,14.3,5.7,13.1,12.7,5.3,5.6,5.6,6.3,6.1,6.0,11.8,12.1,10.1,11.0,294,292,293,11.6,10.5,11.1,0.2,11.4,11.6,12.1,63.2,16.6
2023-10-10,16.3,15.5,16.0,16.1,15.7,15.9,243,228,233,223,11.6,10.6,11.2,5.8,12.3,6.4,5.5,14.4,6.0,13.8,5.4,5.5,5.4,5.5,8.7,8.1,14.1,9.2,13.9,14.3,5.7,13.1,12.7,5.3,5.6,5.6,6.3,6.1,6.0,11.8,12.1,10.1,11.0,294,292,293,11.6,10.5,11.1,0.2,11.4,11.6,12.1,63.2,16.6
2023-10-11,15.8,15.3,15.5,15.7,15.2,15.4,243,219,230,259,11.6,10.3,11.0,5.8,12.9,6.7,5.5,14.3,6.3,14.0,5.3,5.4,5.5,5.7,9.1,8.7,14.3,9.6,13.8,15.0,5.8,14.1,12.9,5.4,5.6,5.8,6.5,5.9,6.1,12.1,12.4,11.1,11.6,295,292,294,11.9,9.8,10.8,0.0,11.4,11.8,12.4,64.0,16.6
2023-10-12,15.8,15.3,15.5,15.7,15.2,15.4,243,219,230,259,11.6,10.3,11.0,5.8,12.9,6.7,5.5,14.3,6.3,14.0,5.3,5.4,5.5,5.7,9.1,8.7,14.3,9.6,13.8,15.0,5.8,14.1,12.9,5.4,5.6,5.8,6.5,5.9,6.1,12.1,12.4,11.1,11.6,295,292,294,11.9,9.8,10.8,0.0,11.4,11.8,12.4,64.0,16.6
2023-10-13,15.8,15.3,15.5,15.7,15.2,15.4,243,219,230,259,11.6,10.3,11.0,5.8,12.9,6.7,5.5,14.3,6.3,14.0,5.3,5.4,5.5,5.7,9.1,8.7,14.3,9.6,13.8,15.0,5.8,14.1,12.9,5.4,5.6,5.8,6.5,5.9,6.1,12.1,12.4,11.1,11.6,295,292,294,11.9,9.8,10.8,0.0,11.4,11.8,12.4,64.0,16.6
2023-10-14,15.8,15.3,15.5,15.7,15.2,15.4,243,219,230,259,11.6,10.3,11.0,5.8,12.9,6.7,5.5,14.3,6.3,14.0,5.3,5.4,5.5,5.7,9.1,8.7,14.3,9.6,13.8,15.0,5.8,14.1,12.9,5.4,5.6,5.8,6.5,5.9,6.1,12.1,12.4,11.1,11.6,295,292,294,11.9,9.8,10.8,0.0,11.4,11.8,12.4,64.0,16.6
2023-10-15,16.7,15.6,16.2,16.5,15.4,16.0,232,195,211,301,11.2,9.5,10.6,6.0,14.1,6.3,5.5,15.2,6.2,14.4,5.3,5.4,5.6,5.7,8.7,8.3,14.6,9.2,14.2,15.5,5.8,14.9,13.3,5.3,5.6,5.6,6.5,5.8,6.0,11.4,14.5,11.7,13.0,296,294,295,9.9,8.4,9.2,0.5,11.8,12.2,12.6,63.0,16.6
2023-10-16,16.7,15.6,16.2,16.5,15.4,16.0,232,195,211,301,11.2,9.5,10.6,6.0,14.1,6.3,5.5,15.2,6.2,14.4,5.3,5.4,5.6,5.7,8.7,8.3,14.6,9.2,14.2,15.5,5.8,14.9,13.3,5.3,5.6,5.6,6.5,5.8,6.0,11.4,14.5,11.7,13.0,296,294,295,9.9,8.4,9.2,0.5,11.8,12.2,12.6,63.0,16.6
2023-10-17,16.7,15.6,16.2,16.5,15.4,16.0,232,195,211,301,11.2,9.5,10.6,6.0,14.1,6.3,5.5,15.2,6.2,14.4,5.3,5.4,5.6,5.7,8.7,8.3,14.6,9.2,14.2,15.5,5.8,14.9,13.3,5.3,5.6,5.6,6.5,5.8,6.0,11.4,14.5,11.7,13.0,296,294,295,9.9,8.4,9.2,0.5,11.8,12.2,12.6,63.0,16.6
2023-10-18,16.7,15.6,16.2,16.5,15.4,16.0,232,195,211,301,11.2,9.5,10.6,6.0,14.1,6.3,5.5,15.2,6.2,14.4,5.3,5.4,5.6,5.7,8.7,8.3,14.6,9.2,14.2,15.5,5.8,14.9,13.3,5.3,5.6,5.6,6.5,5.8,6.0,11.4,14.5,11.7,13.0,296,294,295,9.9,8.4,9.2,0.5,11.8,12.2,12.6,63.0,16.6
2023-10-19,17.3,16.3,16.9,17.2,16.2,16.7,203,188,196,346,11.7,9.3,10.5,5.5,13.5,6.5,5.5,15.2,6.2,14.5,5.3,5.4,5.5,5.6,8.9,8.5,15.0,9.4,14.5,16.0,5.7,13.4,12.8,5.3,5.6,5.7,6.8,5.9,6.1,12.2,14.2,13.1,13.6,297,290,294,11.4,9.6,10.4,0.1,12.5,13.1,13.9,65.4,16.7
2023-10-20,17.3,16.3,16.9,17.2,16.2,16.7,203,188,196,346,11.7,9.3,10.5,5.5,13.5,6.5,5.5,15.2,6.2,14.5,5.3,5.4,5.5,5.6,8.9,8.5,15.0,9.4,14.5,16.0,5.7,13.4,12.8,5.3,5.6,5.7,6.8,5.9,6.1,12.2,14.2,13.1,13.6,297,290,294,11.4,9.6,10.4,0.1,12.5,13.1,13.9,65.4,16.7
2023-10-21,17.3,16.3,16.9,17.2,16.2,16.7,203,188,196,346,11.7,9.3,10.5,5.5,13.5,6.5,5.5,15.2,6.2,14.5,5.3,5.4,5.5,5.6,8.9,8.5,15.0,9.4,14.5,16.0,5.7,13.4,12.8,5.3,5.6,5.7,6.8,5.9,6.1,12.2,14.2,13.1,13.6,297,290,294,11.4,9.6,10.4,0.1,12.5,13.1,13.9,65.4,16.7
2023-10-22,17.3,16.3,16.9,17.2,16.2,16.7,203,188,196,346,11.7,9.3,10.5,5.5,13.5,6.5,5.5,15.2,6.2,14.5,5.3,5.4,5.5,5.6,8.9,8.5,15.0,9.4,14.5,16.0,5.7,13.4,12.8,5.3,5.6,5.7,6.8,5.9,6.1,12.2,14.2,13.1,13.6,297,290,294,11.4,9.6,10.4,0.1,12.5,13.1,13.9,65.4,16.7
2023-10-23,17.3,16.8,17.2,17.2,16.8,17.0,260,190,224,419,11.0,10.1,10.5,5.7,12.9,6.4,5.4,15.0,5.9,14.3,5.3,5.3,5.5,5.6,9.4,8.7,15.5,10.2,15.1,15.9,5.6,14.4,13.7,5.3,5.5,5.8,6.3,5.8,6.1,12.9,15.8,13.4,14.6,297,291,294,15.6,10.0,12.5,0.0,12.8,13.8,15.3,60.3,16.7
2023-10-24,17.3,16.8,17.2,17.2,16.8,17.0,260,190,224,419,11.0,10.1,10.5,5.7,12.9,6.4,5.4,15.0,5.9,14.3,5.3,5.3,5.5,5.6,9.4,8.7,15.5,10.2,15.1,15.9,5.6,14.4,13.7,5.3,5.5,5.8,6.3,5.8,6.1,12.9,15.8,13.4,14.6,297,291,294,15.6,10.0,12.5,0.0,12.8,13.8,15.3,60.3,16.7
2023-10-25,17.3,16.8,17.2,17.2,16.8,17.0,260,190,224,419,11.0,10.1,10.5,5.7,12.9,6.4,5.4,15.0,5.9,14.3,5.3,5.3,5.5,5.6,9.4,8.7,15.5,10.2,15.1,15.9,5.6,14.4,13.7,5.3,5.5,5.8,6.3,5.8,6.1,12.9,15.8,13.4,14.6,297,291,294,15.6,10.0,12.5,0.0,12.8,13.8,15.3,60.3,16.7
2023-10-26,17.3,16.8,17.2,17.2,16.8,17.0,260,190,224,419,11.0,10.1,10.5,5.7,12.9,6.4,5.4,15.0,5.9,14.3,5.3,5.3,5.5,5.6,9.4,8.7,15.5,10.2,15.1,15.9,5.6,14.4,13.7,5.3,5.5,5.8,6.3,5.8,6.1,12.9,15.8,13.4,14.6,297,291,294,15.6,10.0,12.5,0.0,12.8,13.8,15.3,60.3,16.7
2023-10-27,17.9,17.3,17.7,18.1,17.0,17.5,275,245,267,466,10.9,10.0,10.5,5.6,13.8,6.4,5.6,15.3,5.9,14.9,5.3,5.4,5.6,5.7,9.3,8.5,15.5,10.0,14.7,16.1,5.8,14.4,14.1,5.3,5.6,5.8,6.9,6.1,6.2,13.1,17.2,14.5,15.7,297,292,295,15.6,13.1,14.5,0.0,13.0,13.7,14.7,55.2,16.7
2023-10-28,17.9,17.3,17.7,18.1,17.0,17.5,275,245,267,466,10.9,10.0,10.5,5.6,13.8,6.4,5.6,15.3,5.9,14.9,5.3,5.4,5.6,5.7,9.3,8.5,15.5,10.0,14.7,16.1,5.8,14.4,14.1,5.3,5.6,5.8,6.9,6.1,6.2,13.1,17.2,14.5,15.7,297,292,295,15.6,13.1,14.5,0.0,13.0,13.7,14.7,55.2,16.7
2023-10-29,17.9,17.3,17.7,18.1,17.0,17.5,275,245,267,466,10.9,10.0,10.5,5.6,13.8,6.4,5.6,15.3,5.9,14.9,5.3,5.4,5.6,5.7,9.3,8.5,15.5,10.0,14.7,16.1,5.8,14.4,14.1,5.3,5.6,5.8,6.9,6.1,6.2,13.1,17.2,14.5,15.7,297,292,295,15.6,13.1,14.5,0.0,13.0,13.7,14.7,55.2,16.7
2023-10-30,17.9,17.3,17.7,18.1,17.0,17.5,275,245,267,466,10.9,10.0,10.5,5.6,13.8,6.4,5.6,15.3,5.9,14.9,5.3,5.4,5.6,5.7,9.3,8.5,15.5,10.0,14.7,16.1,5.8,14.4,14.1,5.3,5.6,5.8,6.9,6.1,6.2,13.1,17.2,14.5,15.7,297,292,295,15.6,13.1,14.5,0.0,13.0,13.7,14.7,55.2,16.7
2023-10-31,18.3,17.6,18.0,18.3,17.5,17.8,263,248,255,479,10.7,10.0,10.3,6.1,14.5,6.6,5.7,15.6,6.3,15.1,5.5,5.6,5.5,5.7,9.0,8.7,16.0,9.7,15.6,16.7,5.8,14.8,14.1,5.3,5.5,5.9,6.7,5.6,6.2,13.1,16.8,15.5,16.1,297,292,294,13.6,11.9,12.6,0.0,14.4,15.2,16.0,58.7,16.7
2023-11-01,18.3,17.6,18.0,18.3,17.5,17.8,263,248,255,479,10.7,10.0,10.3,6.1,14.5,6.6,5.7,15.6,6.3,15.1,5.5,5.6,5.5,5.7,9.0,8.7,16.0,9.7,15.6,16.7,5.8,14.8,14.1,5.3,5.5,5.9,6.7,5.6,6.2,13.1,16.8,15.5,16.1,297,292,294,13.6,11.9,12.6,0.0,14.4,15.2,16.0,58.7,16.7
2023-11-02,18.3,17.6,18.0,18.3,17.5,17.8,263,248,255,479,10.7,10.0,10.3,6.1,14.5,6.6,5.7,15.6,6.3,15.1,5.5,5.6,5.5,5.7,9.0,8.7,16.0,9.7,15.6,16.7,5.8,14.8,14.1,5.3,5.5,5.9,6.7,5.6,6.2,13.1,16.8,15.5,16.1,297,292,294,13.6,11.9,12.6,0.0,14.4,15.2,16.0,58.7,16.7
2023-11-03,18.3,17.6,18.0,18.3,17.5,17.8,263,248,255,479,10.7,10.0,10.3,6.1,14.5,6.6,5.7,15.6,6.3,15.1,5.5,5.6,5.5,5.7,9.0,8.7,16.0,9.7,15.6,16.7,5.8,14.8,14.1,5.3,5.5,5.9,6.7,5.6,6.2,13.1,16.8,15.5,16.1,297,292,294,13.6,11.9,12.6,0.0,14.4,15.2,16.0,58.7,16.7
2023-11-04,18.8,17.9,18.4,19.0,17.8,18.2,253,230,242,479,11.0,10.2,10.6,6.1,14.7,6.4,5.5,15.6,6.2,15.2,5.4,5.4,5.5,5.6,9.2,8.9,16.7,9.6,15.9,18.0,5.7,14.7,14.1,5.3,5.4,5.6,6.4,5.6,6.0,12.8,18.3,15.5,16.8,297,291,294,11.9,10.8,11.4,0.0,15.2,15.8,16.5,61.7,16.7
2023-11-05,18.8,17.9,18.4,19.0,17.8,18.2,253,230,242,479,11.0,10.2,10.6,6.1,14.7,6.4,5.5,15.6,6.2,15.2,5.4,5.4,5.5,5.6,9.2,8.9,16.7,9.6,15.9,18.0,5.7,14.7,14.1,5.3,5.4,5.6,6.4,5.6,6.0,12.8,18.3,15.5,16.8,297,291,294,11.9,10.8,11.4,0.0,15.2,15.8,16.5,61.7,16.7
2023-11-06,18.8,17.9,18.4,19.0,17.8,18.2,253,230,242,479,11.0,10.2,10.6,6.1,14.7,6.4,5.5,15.6,6.2,15.2,5.4,5.4,5.5,5.6,9.2,8.9,16.7,9.6,15.9,18.0,5.7,14.7,14.1,5.3,5.4,5.6,6.4,5.6,6.0,12.8,18.3,15.5,16.8,297,291,294,11.9,10.8,11.4,0.0,15.2,15.8,16.5,61.7,16.7
2023-11-07,18.8,17.9,18.4,19.0,17.8,18.2,253,230,242,479,11.0,10.2,10.6,6.1,14.7,6.4,5.5,15.6,6.2,15.2,5.4,5.4,5.5,5.6,9.2,8.9,16.7,9.6,15.9,18.0,5.7,14.7,14.1,5.3,5.4,5.6,6.4,5.6,6.0,12.8,18.3,15.5,16.8,297,291,294,11.9,10.8,11.4,0.0,15.2,15.8,16.5,61.7,16.7
2023-11-08,20.5,18.5,19.2,20.4,18.3,19.0,238,217,230,395,11.8,10.3,11.0,6.0,14.5,6.2,5.4,15.4,6.1,15.0,5.3,5.4,5.6,5.7,9.2,8.7,17.9,9.8,16.7,18.9,5.7,15.6,14.7,5.4,5.6,5.7,6.6,5.7,6.1,13.8,20.2,16.4,17.2,298,289,293,11.6,10.1,10.5,0.0,15.9,16.8,17.7,61.8,16.7
2023-11-09,20.5,18.5,19.2,20.4,18.3,19.0,238,217,230,395,11.8,10.3,11.0,6.0,14.5,6.2,5.4,15.4,6.1,15.0,5.3,5.4,5.6,5.7,9.2,8.7,17.9,9.8,16.7,18.9,5.7,15.6,14.7,5.4,5.6,5.7,6.6,5.7,6.1,13.8,20.2,16.4,17.2,298,289,293,11.6,10.1,10.5,0.0,15.9,16.8,17.7,61.8,16.7
2023-11-10,20.5,18.5,19.2,20.4,18.3,19.0,238,217,230,395,11.8,10.3,11.0,6.0,14.5,6.2,5.4,15.4,6.1,15.0,5.3,5.4,5.6,5.7,9.2,8.7,17.9,9.8,16.7,18.9,5.7,15.6,14.7,5.4,5.6,5.7,6.6,5.7,6.1,13.8,20.2,16.4,17.2,298,289,293,11.6,10.1,10.5,0.0,15.9,16.8,17.7,61.8,16.7
2023-11-11,20.5,18.5,19.2,20.4,18.3,19.0,238,217,230,395,11.8,10.3,11.0,6.0,14.5,6.2,5.4,15.4,6.1,15.0,5.3,5.4,5.6,5.7,9.2,8.7,17.9,9.8,16.7,18.9,5.7,15.6,14.7,5.4,5.6,5.7,6.6,5.7,6.1,13.8,20.2,16.4,17.2,298,289,293,11.6,10.1,10.5,0.0,15.9,16.8,17.7,61.8,16.7
2023-11-12,21.2,19.4,20.2,20.7,19.4,20.0,220,187,206,293,12.3,11.4,11.8,5.9,14.5,6.6,5.5,15.7,6.2,15.0,5.3,5.3,5.6,5.7,9.2,8.9,18.6,9.5,17.5,21.0,5.7,16.6,15.0,5.4,5.6,5.8,6.7,5.9,6.2,13.7,19.8,16.9,17.9,297,290,294,11.3,10.0,10.5,0.3,16.8,17.4,18.1,62.9,16.8
2023-11-13,21.2,19.4,20.2,20.7,19.4,20.0,220,187,206,293,12.3,11.4,11.8,5.9,14.5,6.6,5.5,15.7,6.2,15.0,5.3,5.3,5.6,5.7,9.2,8.9,18.6,9.5,17.5,21.0,5.7,16.6,15.0,5.4,5.6,5.8,6.7,5.9,6.2,13.7,19.8,16.9,17.9,297,290,294,11.3,10.0,10.5,0.3,16.8,17.4,18.1,62.9,16.8
2023-11-14,21.2,19.4,20.2,20.7,19.4,20.0,220,187,206,293,12.3,11.4,11.8,5.9,14.5,6.6,5.5,15.7,6.2,15.0,5.3,5.3,5.6,5.7,9.2,8.9,18.6,9.5,17.5,21.0,5.7,16.6,15.0,5.4,5.6,5.8,6.7,5.9,6.2,13.7,19.8,16.9,17.9,297,290,294,11.3,10.0,10.5,0.3,16.8,17.4,18.1,62.9,16.8
2023-11-15,21.2,19.4,20.2,20.7,19.4,20.0,220,187,206,293,12.3,11.4,11.8,5.9,14.5,6.6,5.5,15.7,6.2,15.0,5.3,5.3,5.6,5.7,9.2,8.9,18.6,9.5,17.5,21.0,5.7,16.6,15.0,5.4,5.6,5.8,6.7,5.9,6.2,13.7,19.8,16.9,17.9,297,290,294,11.3,10.0,10.5,0.3,16.8,17.4,18.1,62.9,16.8
2023-11-16,21.9,20.4,21.2,21.8,20.4,21.0,287,195,214,292,12.4,11.5,11.9,6.0,15.3,6.6,5.5,18.5,6.2,15.8,5.4,5.4,5.6,5.7,9.2,8.7,20.0,9.9,18.6,21.9,5.9,16.9,15.2,5.4,5.6,5.6,6.8,5.7,6.1,14.1,20.9,18.3,19.4,296,293,295,10.3,8.8,9.7,0.1,17.3,18.0,18.9,65.9,16.8
2023-11-17,21.9,20.4,21.2,21.8,20.4,21.0,287,195,214,292,12.4,11.5,11.9,6.0,15.3,6.6,5.5,18.5,6.2,15.8,5.4,5.4,5.6,5.7,9.2,8.7,20.0,9.9,18.6,21.9,5.9,16.9,15.2,5.4,5.6,5.6,6.8,5.7,6.1,14.1,20.9,18.3,19.4,296,293,295,10.3,8.8,9.7,0.1,17.3,18.0,18.9,65.9,16.8
2023-11-18,21.9,20.4,21.2,21.8,20.4,21.0,287,195,214,292,12.4,11.5,11.9,6.0,15.3,6.6,5.5,18.5,6.2,15.8,5.4,5.4,5.6,5.7,9.2,8.7,20.0,9.9,18.6,21.9,5.9,16.9,15.2,5.4,5.6,5.6,6.8,5.7,6.1,14.1,20.9,18.3,19.4,296,293,295,10.3,8.8,9.7,0.1,17.3,18.0,18.9,65.9,16.8
2023-11-19,21.9,20.4,21.2,21.8,20.4,21.0,287,195,214,292,12.4,11.5,11.9,6.0,15.3,6.6,5.5,18.5,6.2,15.8,5.4,5.4,5.6,5.7,9.2,8.7,20.0,9.9,18.6,21.9,5.9,16.9,15.2,5.4,5.6,5.6,6.8,5.7,6.1,14.1,20.9,18.3,19.4,296,293,295,10.3,8.8,9.7,0.1,17.3,18.0,18.9,65.9,16.8
2023-11-20,22.7,21.6,22.1,22.4,21.4,21.9,295,218,233,304,12.7,11.5,12.2,5.9,15.6,6.4,5.5,19.5,6.1,17.2,5.4,5.4,5.7,5.8,9.4,8.8,20.0,10.0,18.6,21.0,5.9,20.5,17.0,5.3,5.6,5.8,7.0,5.9,6.2,14.6,20.7,17.3,19.0,298,290,295,14.9,8.8,10.3,0.0,17.3,17.8,18.5,52.4,16.8
2023-11-21,22.7,21.6,22.1,22.4,21.4,21.9,295,218,233,304,12.7,11.5,12.2,5.9,15.6,6.4,5.5,19.5,6.1,17.2,5.4,5.4,5.7,5.8,9.4,8.8,20.0,10.0,18.6,21.0,5.9,20.5,17.0,5.3,5.6,5.8,7.0,5.9,6.2,14.6,20.7,17.3,19.0,298,290,295,14.9,8.8,10.3,0.0,17.3,17.8,18.5,52.4,16.8
2023-11-22,22.7,21.6,22.1,22.4,21.4,21.9,295,218,233,304,12.7,11.5,12.2,5.9,15.6,6.4,5.5,19.5,6.1,17.2,5.4,5.4,5.7,5.8,9.4,8.8,20.0,10.0,18.6,21.0,5.9,20.5,17.0,5.3,5.6,5.8,7.0,5.9,6.2,14.6,20.7,17.3,19.0,298,290,295,14.9,8.8,10.3,0.0,17.3,17.8,18.5,52.4,16.8
2023-11-23,22.7,21.6,22.1,22.4,21.4,21.9,295,218,233,304,12.7,11.5,12.2,5.9,15.6,6.4,5.5,19.5,6.1,17.2,5.4,5.4,5.7,5.8,9.4,8.8,20.0,10.0,18.6,21.0,5.9,20.5,17.0,5.3,5.6,5.8,7.0,5.9,6.2,14.6,20.7,17.3,19.0,298,290,295,14.9,8.8,10.3,0.0,17.3,17.8,18.5,52.4,16.8
2023-11-24,22.7,21.8,22.3,22.6,21.9,22.2,251,228,236,307,13.4,11.2,12.2,5.9,15.2,6.4,5.7,21.0,6.1,18.7,5.4,5.4,5.7,5.8,9.6,9.0,20.7,10.2,19.3,22.1,6.0,20.7,19.4,5.4,5.7,5.8,6.6,6.0,6.3,17.0,18.6,13.2,16.6,295,288,292,9.7,8.2,8.7,0.0,17.0,17.6,18.2,51.9,16.8
2023-11-25,22.7,21.8,22.3,22.6,21.9,22.2,251,228,236,307,13.4,11.2,12.2,5.9,15.2,6.4,5.7,21.0,6.1,18.7,5.4,5.4,5.7,5.8,9.6,9.0,20.7,10.2,19.3,22.1,6.0,20.7,19.4,5.4,5.7,5.8,6.6,6.0,6.3,17.0,18.6,13.2,16.6,295,288,292,9.7,8.2,8.7,0.0,17.0,17.6,18.2,51.9,16.8
2023-11-26,22.7,21.8,22.3,22.6,21.9,22.2,251,228,236,307,13.4,11.2,12.2,5.9,15.2,6.4,5.7,21.0,6.1,18.7,5.4,5.4,5.7,5.8,9.6,9.0,20.7,10.2,19.3,22.1,6.0,20.7,19.4,5.4,5.7,5.8,6.6,6.0,6.3,17.0,18.6,13.2,16.6,295,288,292,9.7,8.2,8.7,0.0,17.0,17.6,18.2,51.9,16.8
2023-11-27,22.7,21.8,22.3,22.6,21.9,22.2,251,228,236,307,13.4,11.2,12.2,5.9,15.2,6.4,5.7,21.0,6.1,18.7,5.4,5.4,5.7,5.8,9.6,9.0,20.7,10.2,19.3,22.1,6.0,20.7,19.4,5.4,5.7,5.8,6.6,6.0,6.3,17.0,18.6,13.2,16.6,295,288,292,9.7,8.2,8.7,0.0,17.0,17.6,18.2,51.9,16.8
2023-11-28,22.8,22.1,22.4,23.0,22.1,22.4,246,219,236,290,12.9,11.4,12.4,6.0,14.3,7.1,5.7,20.6,6.3,18.3,5.4,5.5,5.7,5.8,9.5,9.1,21.1,10.2,19.8,22.4,5.9,20.3,17.8,5.4,5.6,5.8,6.6,5.8,6.2,14.5,16.9,12.2,15.1,293,289,291,13.7,8.8,11.1,0.0,16.9,17.9,18.7,44.2,16.8
2023-11-29,22.8,22.1,22.4,23.0,22.1,22.4,246,219,236,290,12.9,11.4,12.4,6.0,14.3,7.1,5.7,20.6,6.3,18.3,5.4,5.5,5.7,5.8,9.5,9.1,21.1,10.2,19.8,22.4,5.9,20.3,17.8,5.4,5.6,5.8,6.6,5.8,6.2,14.5,16.9,12.2,15.1,293,289,291,13.7,8.8,11.1,0.0,16.9,17.9,18.7,44.2,16.8
2023-11-30,22.8,22.1,22.4,23.0,22.1,22.4,246,219,236,290,12.9,11.4,12.4,6.0,14.3,7.1,5.7,20.6,6.3,18.3,5.4,5.5,5.7,5.8,9.5,9.1,21.1,10.2,19.8,22.4,5.9,20.3,17.8,5.4,5.6,5.8,6.6,5.8,6.2,14.5,16.9,12.2,15.1,293,289,291,13.7,8.8,11.1,0.0,16.9,17.9,18.7,44.2,16.8
2023-12-01,22.8,22.1,22.4,23.0,22.1,22.4,246,219,236,290,12.9,11.4,12.4,6.0,14.3,7.1,5.7,20.6,6.3,18.3,5.4,5.5,5.7,5.8,9.5,9.1,21.1,10.2,19.8,22.4,5.9,20.3,17.8,5.4,5.6,5.8,6.6,5.8,6.2,14.5,16.9,12.2,15.1,293,289,291,13.7,8.8,11.1,0.0,16.9,17.9,18.7,44.2,16.8
2023-12-02,23.4,22.4,22.9,23.3,22.3,22.7,249,222,233,290,13.3,12.2,12.8,5.8,16.7,6.6,5.6,20.4,6.2,18.7,5.4,5.4,5.7,5.8,9.6,9.1,22.0,10.2,21.2,24.2,5.9,19.2,17.5,5.4,5.6,5.8,6.5,5.8,6.3,15.2,18.5,16.1,17.0,293,289,292,16.4,11.9,14.5,0.0,17.8,19.2,20.8,42.9,16.8
2023-12-03,23.4,22.4,22.9,23.3,22.3,22.7,249,222,233,290,13.3,12.2,12.8,5.8,16.7,6.6,5.6,20.4,6.2,18.7,5.4,5.4,5.7,5.8,9.6,9.1,22.0,10.2,21.2,24.2,5.9,19.2,17.5,5.4,5.6,5.8,6.5,5.8,6.3,15.2,18.5,16.1,17.0,293,289,292,16.4,11.9,14.5,0.0,17.8,19.2,20.8,42.9,16.8
2023-12-04,23.4,22.4,22.9,23.3,22.3,22.7,249,222,233,290,13.3,12.2,12.8,5.8,16.7,6.6,5.6,20.4,6.2,18.7,5.4,5.4,5.7,5.8,9.6,9.1,22.0,10.2,21.2,24.2,5.9,19.2,17.5,5.4,5.6,5.8,6.5,5.8,6.3,15.2,18.5,16.1,17.0,293,289,292,16.4,11.9,14.5,0.0,17.8,19.2,20.8,42.9,16.8
2023-12-05,23.4,22.4,22.9,23.3,22.3,22.7,249,222,233,290,13.3,12.2,12.8,5.8,16.7,6.6,5.6,20.4,6.2,18.7,5.4,5.4,5.7,5.8,9.6,9.1,22.0,10.2,21.2,24.2,5.9,19.2,17.5,5.4,5.6,5.8,6.5,5.8,6.3,15.2,18.5,16.1,17.0,293,289,292,16.4,11.9,14.5,0.0,17.8,19.2,20.8,42.9,16.8
2023-12-06,23.5,23.0,23.2,23.2,22.8,23.0,263,239,246,264,14.2,11.6,12.5,6.2,16.9,6.9,5.7,20.5,6.6,19.3,5.4,5.5,5.7,5.9,9.9,9.0,21.2,11.5,20.5,21.9,6.0,18.8,16.6,5.4,5.7,6.0,6.8,6.0,6.5,14.6,18.5,17.6,18.0,294,278,291,16.0,11.2,13.6,1.3,18.8,19.9,21.2,46.4,16.9
2023-12-07,23.5,23.0,23.2,23.2,22.8,23.0,263,239,246,264,14.2,11.6,12.5,6.2,16.9,6.9,5.7,20.5,6.6,19.3,5.4,5.5,5.7,5.9,9.9,9.0,21.2,11.5,20.5,21.9,6.0,18.8,16.6,5.4,5.7,6.0,6.8,6.0,6.5,14.6,18.5,17.6,18.0,294,278,291,16.0,11.2,13.6,1.3,18.8,19.9,21.2,46.4,16.9
2023-12-08,23.5,23.0,23.2,23.2,22.8,23.0,263,239,246,264,14.2,11.6,12.5,6.2,16.9,6.9,5.7,20.5,6.6,19.3,5.4,5.5,5.7,5.9,9.9,9.0,21.2,11.5,20.5,21.9,6.0,18.8,16.6,5.4,5.7,6.0,6.8,6.0,6.5,14.6,18.5,17.6,18.0,294,278,291,16.0,11.2,13.6,1.3,18.8,19.9,21.2,46.4,16.9
2023-12-09,23.5,23.0,23.2,23.2,22.8,23.0,263,239,246,264,14.2,11.6,12.5,6.2,16.9,6.9,5.7,20.5,6.6,19.3,5.4,5.5,5.7,5.9,9.9,9.0,21.2,11.5,20.5,21.9,6.0,18.8,16.6,5.4,5.7,6.0,6.8,6.0,6.5,14.6,18.5,17.6,18.0,294,278,291,16.0,11.2,13.6,1.3,18.8,19.9,21.2,46.4,16.9
2023-12-10,23.4,22.5,23.1,23.4,22.8,23.2,259,241,250,200,17.4,14.2,15.4,6.2,15.6,7.9,6.3,20.7,6.8,18.7,5.4,5.8,5.8,5.9,9.9,8.9,20.5,10.8,19.4,20.8,6.1,20.2,19.4,5.3,5.5,5.6,7.2,6.1,6.2,17.8,18.2,13.9,17.2,294,288,291,12.5,10.1,11.1,0.0,18.5,19.2,19.7,53.1,16.9
2023-12-11,23.4,22.5,23.1,23.4,22.8,23.2,259,241,250,200,17.4,14.2,15.4,6.2,15.6,7.9,6.3,20.7,6.8,18.7,5.4,5.8,5.8,5.9,9.9,8.9,20.5,10.8,19.4,20.8,6.1,20.2,19.4,5.3,5.5,5.6,7.2,6.1,6.2,17.8,18.2,13.9,17.2,294,288,291,12.5,10.1,11.1,0.0,18.5,19.2,19.7,53.1,16.9
2023-12-12,23.4,22.5,23.1,23.4,22.8,23.2,259,241,250,200,17.4,14.2,15.4,6.2,15.6,7.9,6.3,20.7,6.8,18.7,5.4,5.8,5.8,5.9,9.9,8.9,20.5,10.8,19.4,20.8,6.1,20.2,19.4,5.3,5.5,5.6,7.2,6.1,6.2,17.8,18.2,13.9,17.2,294,288,291,12.5,10.1,11.1,0.0,18.5,19.2,19.7,53.1,16.9
2023-12-13,23.4,22.5,23.1,23.4,22.8,23.2,259,241,250,200,17.4,14.2,15.4,6.2,15.6,7.9,6.3,20.7,6.8,18.7,5.4,5.8,5.8,5.9,9.9,8.9,20.5,10.8,19.4,20.8,6.1,20.2,19.4,5.3,5.5,5.6,7.2,6.1,6.2,17.8,18.2,13.9,17.2,294,288,291,12.5,10.1,11.1,0.0,18.5,19.2,19.7,53.1,16.9
2023-12-14,22.9,22.5,22.6,22.8,22.4,22.6,266,245,258,189,17.3,15.1,16.3,5.9,18.7,6.7,5.8,20.4,6.2,19.9,5.5,5.6,5.8,5.9,9.9,9.0,20.0,11.0,19.4,20.5,6.0,20.0,19.6,5.3,5.6,6.1,7.1,5.9,6.5,19.3,14.1,11.5,12.9,295,289,292,15.6,10.2,13.1,0.0,17.9,18.6,19.1,45.4,16.9
2023-12-15,22.9,22.5,22.6,22.8,22.4,22.6,266,245,258,189,17.3,15.1,16.3,5.9,18.7,6.7,5.8,20.4,6.2,19.9,5.5,5.6,5.8,5.9,9.9,9.0,20.0,11.0,19.4,20.5,6.0,20.0,19.6,5.3,5.6,6.1,7.1,5.9,6.5,19.3,14.1,11.5,12.9,295,289,292,15.6,10.2,13.1,0.0,17.9,18.6,19.1,45.4,16.9
2023-12-16,22.9,22.5,22.6,22.8,22.4,22.6,266,245,258,189,17.3,15.1,16.3,5.9,18.7,6.7,5.8,20.4,6.2,19.9,5.5,5.6,5.8,5.9,9.9,9.0,20.0,11.0,19.4,20.5,6.0,20.0,19.6,5.3,5.6,6.1,7.1,5.9,6.5,19.3,14.1,11.5,12.9,295,289,292,15.6,10.2,13.1,0.0,17.9,18.6,19.1,45.4,16.9
2023-12-17,22.9,22.5,22.6,22.8,22.4,22.6,266,245,258,189,17.3,15.1,16.3,5.9,18.7,6.7,5.8,20.4,6.2,19.9,5.5,5.6,5.8,5.9,9.9,9.0,20.0,11.0,19.4,20.5,6.0,20.0,19.6,5.3,5.6,6.1,7.1,5.9,6.5,19.3,14.1,11.5,12.9,295,289,292,15.6,10.2,13.1,0.0,17.9,18.6,19.1,45.4,16.9
2023-12-18,22.9,22.1,22.5,22.8,22.3,22.5,266,242,256,227,15.9,14.1,15.0,5.8,19.6,6.5,5.6,20.4,6.1,20.2,5.4,5.5,5.8,5.9,9.7,9.1,20.2,10.5,19.9,20.7,6.2,19.9,19.5,5.4,5.5,5.9,6.6,5.7,6.3,19.2,13.5,11.5,12.4,292,290,291,16.3,12.8,14.5,0.0,17.4,18.4,19.5,45.3,16.8
2023-12-19,22.9,22.1,22.5,22.8,22.3,22.5,266,242,256,227,15.9,14.1,15.0,5.8,19.6,6.5,5.6,20.4,6.1,20.2,5.4,5.5,5.8,5.9,9.7,9.1,20.2,10.5,19.9,20.7,6.2,19.9,19.5,5.4,5.5,5.9,6.6,5.7,6.3,19.2,13.5,11.5,12.4,292,290,291,16.3,12.8,14.5,0.0,17.4,18.4,19.5,45.3,16.8
2023-12-20,22.9,22.1,22.5,22.8,22.3,22.5,266,242,256,227,15.9,14.1,15.0,5.8,19.6,6.5,5.6,20.4,6.1,20.2,5.4,5.5,5.8,5.9,9.7,9.1,20.2,10.5,19.9,20.7,6.2,19.9,19.5,5.4,5.5,5.9,6.6,5.7,6.3,19.2,13.5,11.5,12.4,292,290,291,16.3,12.8,14.5,0.0,17.4,18.4,19.5,45.3,16.8
2023-12-21,22.9,22.1,22.5,22.8,22.3,22.5,266,242,256,227,15.9,14.1,15.0,5.8,19.6,6.5,5.6,20.4,6.1,20.2,5.4,5.5,5.8,5.9,9.7,9.1,20.2,10.5,19.9,20.7,6.2,19.9,19.5,5.4,5.5,5.9,6.6,5.7,6.3,19.2,13.5,11.5,12.4,292,290,291,16.3,12.8,14.5,0.0,17.4,18.4,19.5,45.3,16.8
2023-12-22,22.4,21.8,22.0,22.4,21.9,22.1,266,254,259,245,15.1,13.9,14.6,5.9,19.6,7.0,5.6,20.3,6.3,19.9,5.4,5.5,5.9,6.0,10.2,9.5,20.2,11.1,19.6,20.9,6.2,19.7,19.3,5.3,5.6,5.7,6.9,6.0,6.5,19.0,14.2,12.2,12.7,292,289,291,16.5,12.9,14.7,0.0,17.1,17.7,18.2,45.0,16.8
2023-12-23,22.4,21.8,22.0,22.4,21.9,22.1,266,254,259,245,15.1,13.9,14.6,5.9,19.6,7.0,5.6,20.3,6.3,19.9,5.4,5.5,5.9,6.0,10.2,9.5,20.2,11.1,19.6,20.9,6.2,19.7,19.3,5.3,5.6,5.7,6.9,6.0,6.5,19.0,14.2,12.2,12.7,292,289,291,16.5,12.9,14.7,0.0,17.1,17.7,18.2,45.0,16.8
2023-12-24,22.4,21.8,22.0,22.4,21.9,22.1,266,254,259,245,15.1,13.9,14.6,5.9,19.6,7.0,5.6,20.3,6.3,19.9,5.4,5.5,5.9,6.0,10.2,9.5,20.2,11.1,19.6,20.9,6.2,19.7,19.3,5.3,5.6,5.7,6.9,6.0,6.5,19.0,14.2,12.2,12.7,292,289,291,16.5,12.9,14.7,0.0,17.1,17.7,18.2,45.0,16.8
2023-12-25,22.4,21.8,22.0,22.4,21.9,22.1,266,254,259,245,15.1,13.9,14.6,5.9,19.6,7.0,5.6,20.3,6.3,19.9,5.4,5.5,5.9,6.0,10.2,9.5,20.2,11.1,19.6,20.9,6.2,19.7,19.3,5.3,5.6,5.7,6.9,6.0,6.5,19.0,14.2,12.2,12.7,292,289,291,16.5,12.9,14.7,0.0,17.1,17.7,18.2,45.0,16.8
2023-12-26,22.8,21.3,22.0,22.4,21.5,21.9,264,236,246,274,14.7,13.1,13.8,5.9,19.4,7.0,5.6,20.4,6.3,19.8,5.4,5.5,5.9,6.0,10.1,9.2,21.0,11.5,19.9,22.4,6.1,19.7,19.1,5.3,5.5,5.8,6.7,5.8,6.3,18.8,16.6,12.3,14.2,294,289,291,18.0,13.3,15.8,0.0,17.0,17.9,18.9,43.1,16.8
2023-12-27,22.8,21.3,22.0,22.4,21.5,21.9,264,236,246,274,14.7,13.1,13.8,5.9,19.4,7.0,5.6,20.4,6.3,19.8,5.4,5.5,5.9,6.0,10.1,9.2,21.0,11.5,19.9,22.4,6.1,19.7,19.1,5.3,5.5,5.8,6.7,5.8,6.3,18.8,16.6,12.3,14.2,294,289,291,18.0,13.3,15.8,0.0,17.0,17.9,18.9,43.1,16.8
2023-12-28,22.8,21.3,22.0,22.4,21.5,21.9,264,236,246,274,14.7,13.1,13.8,5.9,19.4,7.0,5.6,20.4,6.3,19.8,5.4,5.5,5.9,6.0,10.1,9.2,21.0,11.5,19.9,22.4,6.1,19.7,19.1,5.3,5.5,5.8,6.7,5.8,6.3,18.8,16.6,12.3,14.2,294,289,291,18.0,13.3,15.8,0.0,17.0,17.9,18.9,43.1,16.8
2023-12-29,22.8,21.3,22.0,22.4,21.5,21.9,264,236,246,274,14.7,13.1,13.8,5.9,19.4,7.0,5.6,20.4,6.3,19.8,5.4,5.5,5.9,6.0,10.1,9.2,21.0,11.5,19.9,22.4,6.1,19.7,19.1,5.3,5.5,5.8,6.7,5.8,6.3,18.8,16.6,12.3,14.2,294,289,291,18.0,13.3,15.8,0.0,17.0,17.9,18.9,43.1,16.8
2023-12-30,23.2,21.6,22.4,22.8,21.7,22.2,248,233,240,274,14.2,13.5,13.8,5.9,19.5,6.8,5.7,20.3,6.3,20.0,5.4,5.5,5.9,6.0,10.6,9.7,21.0,11.3,20.1,22.0,6.1,19.6,19.1,5.4,5.6,6.1,6.8,5.8,6.5,18.6,17.3,16.0,16.6,295,292,294,20.9,13.9,17.5,0.0,17.5,19.0,20.4,41.4,16.8
2023-12-31,23.2,21.6,22.4,22.8,21.7,22.2,248,233,240,274,14.2,13.5,13.8,5.9,19.5,6.8,5.7,20.3,6.3,20.0,5.4,5.5,5.9,6.0,10.6,9.7,21.0,11.3,20.1,22.0,6.1,19.6,19.1,5.4,5.6,6.1,6.8,5.8,6.5,18.6,17.3,16.0,16.6,295,292,294,20.9,13.9,17.5,0.0,17.5,19.0,20.4,41.4,16.8
2024-01-01,23.2,21.6,22.4,22.8,21.7,22.2,248,233,240,274,14.2,13.5,13.8,5.9,19.5,6.8,5.7,20.3,6.3,20.0,5.4,5.5,5.9,6.0,10.6,9.7,21.0,11.3,20.1,22.0,6.1,19.6,19.1,5.4,5.6,6.1,6.8,5.8,6.5,18.6,17.3,16.0,16.6,295,292,294,20.9,13.9,17.5,0.0,17.5,19.0,20.4,41.4,16.8
2024-01-02,23.2,21.6,22.4,22.8,21.7,22.2,248,233,240,274,14.2,13.5,13.8,5.9,19.5,6.8,5.7,20.3,6.3,20.0,5.4,5.5,5.9,6.0,10.6,9.7,21.0,11.3,20.1,22.0,6.1,19.6,19.1,5.4,5.6,6.1,6.8,5.8,6.5,18.6,17.3,16.0,16.6,295,292,294,20.9,13.9,17.5,0.0,17.5,19.0,20.4,41.4,16.8
2024-01-03,23.6,22.4,23.0,23.6,22.2,22.9,246,234,240,274,14.4,14.0,14.2,6.6,19.6,7.3,5.7,20.4,6.9,20.0,5.5,5.6,5.9,6.0,10.4,9.7,21.7,10.9,20.7,23.2,6.1,19.5,18.7,5.4,5.6,5.9,6.7,5.7,6.4,18.1,19.2,16.7,17.5,297,290,293,22.4,17.8,20.7,0.0,18.4,20.4,22.6,40.5,16.8
2024-01-04,23.6,22.4,23.0,23.6,22.2,22.9,246,234,240,274,14.4,14.0,14.2,6.6,19.6,7.3,5.7,20.4,6.9,20.0,5.5,5.6,5.9,6.0,10.4,9.7,21.7,10.9,20.7,23.2,6.1,19.5,18.7,5.4,5.6,5.9,6.7,5.7,6.4,18.1,19.2,16.7,17.5,297,290,293,22.4,17.8,20.7,0.0,18.4,20.4,22.6,40.5,16.8
2024-01-05,23.6,22.4,23.0,23.6,22.2,22.9,246,234,240,274,14.4,14.0,14.2,6.6,19.6,7.3,5.7,20.4,6.9,20.0,5.5,5.6,5.9,6.0,10.4,9.7,21.7,10.9,20.7,23.2,6.1,19.5,18.7,5.4,5.6,5.9,6.7,5.7,6.4,18.1,19.2,16.7,17.5,297,290,293,22.4,17.8,20.7,0.0,18.4,20.4,22.6,40.5,16.8
2024-01-06,23.6,22.4,23.0,23.6,22.2,22.9,246,234,240,274,14.4,14.0,14.2,6.6,19.6,7.3,5.7,20.4,6.9,20.0,5.5,5.6,5.9,6.0,10.4,9.7,21.7,10.9,20.7,23.2,6.1,19.5,18.7,5.4,5.6,5.9,6.7,5.7,6.4,18.1,19.2,16.7,17.5,297,290,293,22.4,17.8,20.7,0.0,18.4,20.4,22.6,40.5,16.8
2024-01-07,24.1,23.0,23.4,24.0,22.9,23.2,258,237,245,274,14.3,13.8,14.0,6.1,19.1,6.9,5.5,20.3,6.4,19.7,5.4,5.5,5.8,5.9,10.8,10.1,22.7,11.6,21.8,23.7,6.0,20.4,19.4,5.4,5.6,6.3,7.0,5.8,6.6,18.3,20.8,17.6,19.1,296,290,293,22.6,16.2,21.2,0.0,19.8,21.3,22.7,40.0,16.7
2024-01-08,24.1,23.0,23.4,24.0,22.9,23.2,258,237,245,274,14.3,13.8,14.0,6.1,19.1,6.9,5.5,20.3,6.4,19.7,5.4,5.5,5.8,5.9,10.8,10.1,22.7,11.6,21.8,23.7,6.0,20.4,19.4,5.4,5.6,6.3,7.0,5.8,6.6,18.3,20.8,17.6,19.1,296,290,293,22.6,16.2,21.2,0.0,19.8,21.3,22.7,40.0,16.7
2024-01-09,24.1,23.0,23.4,24.0,22.9,23.2,258,237,245,274,14.3,13.8,14.0,6.1,19.1,6.9,5.5,20.3,6.4,19.7,5.4,5.5,5.8,5.9,10.8,10.1,22.7,11.6,21.8,23.7,6.0,20.4,19.4,5.4,5.6,6.3,7.0,5.8,6.6,18.3,20.8,17.6,19.1,296,290,293,22.6,16.2,21.2,0.0,19.8,21.3,22.7,40.0,16.7
2024-01-10,24.1,23.0,23.4,24.0,22.9,23.2,258,237,245,274,14.3,13.8,14.0,6.1,19.1,6.9,5.5,20.3,6.4,19.7,5.4,5.5,5.8,5.9,10.8,10.1,22.7,11.6,21.8,23.7,6.0,20.4,19.4,5.4,5.6,6.3,7.0,5.8,6.6,18.3,20.8,17.6,19.1,296,290,293,22.6,16.2,21.2,0.0,19.8,21.3,22.7,40.0,16.7
2024-01-11,24.4,23.5,24.0,24.5,23.3,23.8,290,238,245,253,15.5,14.0,14.6,6.3,18.9,6.7,5.5,20.9,6.5,19.9,5.4,5.5,5.8,5.9,10.7,9.7,22.7,11.5,22.1,24.2,6.0,20.1,19.3,5.4,5.5,6.0,7.1,5.9,6.5,18.7,22.1,19.5,20.7,296,293,295,20.2,13.6,17.5,0.0,21.7,22.0,22.4,39.2,16.7
2024-01-12,24.4,23.5,24.0,24.5,23.3,23.8,290,238,245,253,15.5,14.0,14.6,6.3,18.9,6.7,5.5,20.9,6.5,19.9,5.4,5.5,5.8,5.9,10.7,9.7,22.7,11.5,22.1,24.2,6.0,20.1,19.3,5.4,5.5,6.0,7.1,5.9,6.5,18.7,22.1,19.5,20.7,296,293,295,20.2,13.6,17.5,0.0,21.7,22.0,22.4,39.2,16.7
2024-01-13,24.4,23.5,24.0,24.5,23.3,23.8,290,238,245,253,15.5,14.0,14.6,6.3,18.9,6.7,5.5,20.9,6.5,19.9,5.4,5.5,5.8,5.9,10.7,9.7,22.7,11.5,22.1,24.2,6.0,20.1,19.3,5.4,5.5,6.0,7.1,5.9,6.5,18.7,22.1,19.5,20.7,296,293,295,20.2,13.6,17.5,0.0,21.7,22.0,22.4,39.2,16.7
2024-01-14,24.4,23.5,24.0,24.5,23.3,23.8,290,238,245,253,15.5,14.0,14.6,6.3,18.9,6.7,5.5,20.9,6.5,19.9,5.4,5.5,5.8,5.9,10.7,9.7,22.7,11.5,22.1,24.2,6.0,20.1,19.3,5.4,5.5,6.0,7.1,5.9,6.5,18.7,22.1,19.5,20.7,296,293,295,20.2,13.6,17.5,0.0,21.7,22.0,22.4,39.2,16.7
2024-01-15,24.4,24.0,24.2,24.5,24.0,24.2,292,244,260,216,16.3,14.9,15.9,5.9,19.5,6.6,5.5,22.3,6.3,20.4,5.4,5.4,5.9,6.0,10.8,9.3,22.9,11.9,22.4,23.7,6.2,20.8,19.1,5.4,5.6,6.0,6.9,5.7,6.5,18.3,21.8,20.3,21.0,296,290,294,15.9,12.4,14.4,0.7,21.5,21.8,22.3,38.1,16.7
2024-01-16,24.4,24.0,24.2,24.5,24.0,24.2,292,244,260,216,16.3,14.9,15.9,5.9,19.5,6.6,5.5,22.3,6.3,20.4,5.4,5.4,5.9,6.0,10.8,9.3,22.9,11.9,22.4,23.7,6.2,20.8,19.1,5.4,5.6,6.0,6.9,5.7,6.5,18.3,21.8,20.3,21.0,296,290,294,15.9,12.4,14.4,0.7,21.5,21.8,22.3,38.1,16.7
2024-01-17,24.4,24.0,24.2,24.5,24.0,24.2,292,244,260,216,16.3,14.9,15.9,5.9,19.5,6.6,5.5,22.3,6.3,20.4,5.4,5.4,5.9,6.0,10.8,9.3,22.9,11.9,22.4,23.7,6.2,20.8,19.1,5.4,5.6,6.0,6.9,5.7,6.5,18.3,21.8,20.3,21.0,296,290,294,15.9,12.4,14.4,0.7,21.5,21.8,22.3,38.1,16.7
2024-01-18,24.4,24.0,24.2,24.5,24.0,24.2,292,244,260,216,16.3,14.9,15.9,5.9,19.5,6.6,5.5,22.3,6.3,20.4,5.4,5.4,5.9,6.0,10.8,9.3,22.9,11.9,22.4,23.7,6.2,20.8,19.1,5.4,5.6,6.0,6.9,5.7,6.5,18.3,21.8,20.3,21.0,296,290,294,15.9,12.4,14.4,0.7,21.5,21.8,22.3,38.1,16.7
2024-01-19,24.4,23.9,24.2,24.4,24.0,24.2,271,248,257,215,16.6,15.1,16.1,6.2,19.8,7.1,5.6,22.6,6.6,21.3,5.4,5.5,6.0,6.1,10.9,9.8,22.3,12.5,22.0,22.8,6.3,21.9,21.1,5.4,5.7,6.0,7.0,6.0,6.5,19.1,20.3,19.1,19.6,295,289,292,15.6,12.2,14.1,0.0,20.6,21.3,21.9,37.9,16.8
2024-01-20,24.4,23.9,24.2,24.4,24.0,24.2,271,248,257,215,16.6,15.1,16.1,6.2,19.8,7.1,5.6,22.6,6.6,21.3,5.4,5.5,6.0,6.1,10.9,9.8,22.3,12.5,22.0,22.8,6.3,21.9,21.1,5.4,5.7,6.0,7.0,6.0,6.5,19.1,20.3,19.1,19.6,295,289,292,15.6,12.2,14.1,0.0,20.6,21.3,21.9,37.9,16.8
2024-01-21,24.4,23.9,24.2,24.4,24.0,24.2,271,248,257,215,16.6,15.1,16.1,6.2,19.8,7.1,5.6,22.6,6.6,21.3,5.4,5.5,6.0,6.1,10.9,9.8,22.3,12.5,22.0,22.8,6.3,21.9,21.1,5.4,5.7,6.0,7.0,6.0,6.5,19.1,20.3,19.1,19.6,295,289,292,15.6,12.2,14.1,0.0,20.6,21.3,21.9,37.9,16.8
2024-01-22,24.4,23.9,24.2,24.4,24.0,24.2,271,248,257,215,16.6,15.1,16.1,6.2,19.8,7.1,5.6,22.6,6.6,21.3,5.4,5.5,6.0,6.1,10.9,9.8,22.3,12.5,22.0,22.8,6.3,21.9,21.1,5.4,5.7,6.0,7.0,6.0,6.5,19.1,20.3,19.1,19.6,295,289,292,15.6,12.2,14.1,0.0,20.6,21.3,21.9,37.9,16.8
2024-01-23,24.1,23.3,23.8,24.1,23.6,23.8,329,251,286,215,16.8,16.0,16.4,6.2,21.1,6.8,5.6,21.8,6.5,21.5,5.4,5.5,6.0,6.1,11.3,10.2,21.6,12.2,21.0,22.2,6.3,21.2,20.9,5.4,5.6,5.9,6.9,5.8,6.5,20.7,19.1,16.8,17.9,294,291,293,16.2,12.6,14.2,0.0,20.0,20.5,20.9,36.4,16.7
2024-01-24,24.1,23.3,23.8,24.1,23.6,23.8,329,251,286,215,16.8,16.0,16.4,6.2,21.1,6.8,5.6,21.8,6.5,21.5,5.4,5.5,6.0,6.1,11.3,10.2,21.6,12.2,21.0,22.2,6.3,21.2,20.9,5.4,5.6,5.9,6.9,5.8,6.5,20.7,19.1,16.8,17.9,294,291,293,16.2,12.6,14.2,0.0,20.0,20.5,20.9,36.4,16.7
2024-01-25,24.1,23.3,23.8,24.1,23.6,23.8,329,251,286,215,16.8,16.0,16.4,6.2,21.1,6.8,5.6,21.8,6.5,21.5,5.4,5.5,6.0,6.1,11.3,10.2,21.6,12.2,21.0,22.2,6.3,21.2,20.9,5.4,5.6,5.9,6.9,5.8,6.5,20.7,19.1,16.8,17.9,294,291,293,16.2,12.6,14.2,0.0,20.0,20.5,20.9,36.4,16.7
2024-01-26,24.1,23.3,23.8,24.1,23.6,23.8,329,251,286,215,16.8,16.0,16.4,6.2,21.1,6.8,5.6,21.8,6.5,21.5,5.4,5.5,6.0,6.1,11.3,10.2,21.6,12.2,21.0,22.2,6.3,21.2,20.9,5.4,5.6,5.9,6.9,5.8,6.5,20.7,19.1,16.8,17.9,294,291,293,16.2,12.6,14.2,0.0,20.0,20.5,20.9,36.4,16.7
2024-01-27,23.3,22.5,23.0,23.6,22.7,23.1,320,284,300,215,16.9,16.2,16.5,5.7,20.2,6.8,5.8,21.3,6.2,20.9,5.4,5.5,6.0,6.3,11.5,10.1,21.1,12.9,20.7,21.5,6.6,21.0,20.6,5.4,5.7,6.2,7.0,6.0,6.7,19.8,17.3,16.0,16.5,292,287,290,14.1,11.2,12.7,0.2,19.6,19.9,20.4,41.8,16.7
2024-01-28,23.3,22.5,23.0,23.6,22.7,23.1,320,284,300,215,16.9,16.2,16.5,5.7,20.2,6.8,5.8,21.3,6.2,20.9,5.4,5.5,6.0,6.3,11.5,10.1,21.1,12.9,20.7,21.5,6.6,21.0,20.6,5.4,5.7,6.2,7.0,6.0,6.7,19.8,17.3,16.0,16.5,292,287,290,14.1,11.2,12.7,0.2,19.6,19.9,20.4,41.8,16.7
2024-01-29,23.3,22.5,23.0,23.6,22.7,23.1,320,284,300,215,16.9,16.2,16.5,5.7,20.2,6.8,5.8,21.3,6.2,20.9,5.4,5.5,6.0,6.3,11.5,10.1,21.1,12.9,20.7,21.5,6.6,21.0,20.6,5.4,5.7,6.2,7.0,6.0,6.7,19.8,17.3,16.0,16.5,292,287,290,14.1,11.2,12.7,0.2,19.6,19.9,20.4,41.8,16.7
2024-01-30,23.3,22.5,23.0,23.6,22.7,23.1,320,284,300,215,16.9,16.2,16.5,5.7,20.2,6.8,5.8,21.3,6.2,20.9,5.4,5.5,6.0,6.3,11.5,10.1,21.1,12.9,20.7,21.5,6.6,21.0,20.6,5.4,5.7,6.2,7.0,6.0,6.7,19.8,17.3,16.0,16.5,292,287,290,14.1,11.2,12.7,0.2,19.6,19.9,20.4,41.8,16.7
2024-01-31,22.7,21.7,22.3,22.8,22.1,22.5,343,264,289,215,16.8,16.1,16.5,6.3,20.2,7.4,5.8,20.8,6.8,20.4,5.6,5.7,5.9,6.2,11.1,10.4,20.6,12.5,20.3,20.9,6.4,20.4,20.1,5.4,5.6,6.2,7.1,6.0,6.6,19.8,16.2,15.5,15.9,292,290,291,15.4,11.7,13.8,0.0,18.9,19.3,19.6,38.6,16.7
2024-02-01,22.7,21.7,22.3,22.8,22.1,22.5,343,264,289,215,16.8,16.1,16.5,6.3,20.2,7.4,5.8,20.8,6.8,20.4,5.6,5.7,5.9,6.2,11.1,10.4,20.6,12.5,20.3,20.9,6.4,20.4,20.1,5.4,5.6,6.2,7.1,6.0,6.6,19.8,16.2,15.5,15.9,292,290,291,15.4,11.7,13.8,0.0,18.9,19.3,19.6,38.6,16.7
2024-02-02,22.7,21.7,22.3,22.8,22.1,22.5,343,264,289,215,16.8,16.1,16.5,6.3,20.2,7.4,5.8,20.8,6.8,20.4,5.6,5.7,5.9,6.2,11.1,10.4,20.6,12.5,20.3,20.9,6.4,20.4,20.1,5.4,5.6,6.2,7.1,6.0,6.6,19.8,16.2,15.5,15.9,292,290,291,15.4,11.7,13.8,0.0,18.9,19.3,19.6,38.6,16.7
2024-02-03,22.7,21.7,22.3,22.8,22.1,22.5,343,264,289,215,16.8,16.1,16.5,6.3,20.2,7.4,5.8,20.8,6.8,20.4,5.6,5.7,5.9,6.2,11.1,10.4,20.6,12.5,20.3,20.9,6.4,20.4,20.1,5.4,5.6,6.2,7.1,6.0,6.6,19.8,16.2,15.5,15.9,292,290,291,15.4,11.7,13.8,0.0,18.9,19.3,19.6,38.6,16.7
2024-02-04,21.8,21.2,21.6,22.1,21.5,21.7,288,270,278,215,16.7,16.1,16.4,5.8,20.1,7.0,5.6,20.4,6.4,20.2,5.4,5.5,6.0,6.2,11.9,11.0,20.3,12.6,20.1,20.4,6.3,19.8,19.6,5.5,5.7,6.2,7.0,5.9,6.6,19.5,16.5,15.4,15.8,292,288,291,17.6,14.4,15.9,0.0,18.4,19.1,19.8,37.3,16.7
2024-02-05,21.8,21.2,21.6,22.1,21.5,21.7,288,270,278,215,16.7,16.1,16.4,5.8,20.1,7.0,5.6,20.4,6.4,20.2,5.4,5.5,6.0,6.2,11.9,11.0,20.3,12.6,20.1,20.4,6.3,19.8,19.6,5.5,5.7,6.2,7.0,5.9,6.6,19.5,16.5,15.4,15.8,292,288,291,17.6,14.4,15.9,0.0,18.4,19.1,19.8,37.3,16.7
2024-02-06,21.8,21.2,21.6,22.1,21.5,21.7,288,270,278,215,16.7,16.1,16.4,5.8,20.1,7.0,5.6,20.4,6.4,20.2,5.4,5.5,6.0,6.2,11.9,11.0,20.3,12.6,20.1,20.4,6.3,19.8,19.6,5.5,5.7,6.2,7.0,5.9,6.6,19.5,16.5,15.4,15.8,292,288,291,17.6,14.4,15.9,0.0,18.4,19.1,19.8,37.3,16.7
2024-02-07,21.8,21.2,21.6,22.1,21.5,21.7,288,270,278,215,16.7,16.1,16.4,5.8,20.1,7.0,5.6,20.4,6.4,20.2,5.4,5.5,6.0,6.2,11.9,11.0,20.3,12.6,20.1,20.4,6.3,19.8,19.6,5.5,5.7,6.2,7.0,5.9,6.6,19.5,16.5,15.4,15.8,292,288,291,17.6,14.4,15.9,0.0,18.4,19.1,19.8,37.3,16.7
2024-02-08,21.6,21.1,21.3,21.5,21.2,21.3,290,278,283,214,16.3,15.9,16.1,6.1,19.9,7.3,5.8,20.4,6.7,20.2,5.4,5.6,6.0,6.2,11.6,11.0,20.4,12.1,19.9,21.7,6.3,19.5,19.4,5.4,5.6,6.4,6.8,5.8,6.7,19.2,17.7,15.8,16.5,292,287,290,19.4,16.0,17.9,0.0,18.8,19.4,19.9,36.3,16.7
2024-02-09,21.6,21.1,21.3,21.5,21.2,21.3,290,278,283,214,16.3,15.9,16.1,6.1,19.9,7.3,5.8,20.4,6.7,20.2,5.4,5.6,6.0,6.2,11.6,11.0,20.4,12.1,19.9,21.7,6.3,19.5,19.4,5.4,5.6,6.4,6.8,5.8,6.7,19.2,17.7,15.8,16.5,292,287,290,19.4,16.0,17.9,0.0,18.8,19.4,19.9,36.3,16.7
2024-02-10,21.6,21.1,21.3,21.5,21.2,21.3,290,278,283,214,16.3,15.9,16.1,6.1,19.9,7.3,5.8,20.4,6.7,20.2,5.4,5.6,6.0,6.2,11.6,11.0,20.4,12.1,19.9,21.7,6.3,19.5,19.4,5.4,5.6,6.4,6.8,5.8,6.7,19.2,17.7,15.8,16.5,292,287,290,19.4,16.0,17.9,0.0,18.8,19.4,19.9,36.3,16.7
2024-02-11,21.6,21.1,21.3,21.5,21.2,21.3,290,278,283,214,16.3,15.9,16.1,6.1,19.9,7.3,5.8,20.4,6.7,20.2,5.4,5.6,6.0,6.2,11.6,11.0,20.4,12.1,19.9,21.7,6.3,19.5,19.4,5.4,5.6,6.4,6.8,5.8,6.7,19.2,17.7,15.8,16.5,292,287,290,19.4,16.0,17.9,0.0,18.8,19.4,19.9,36.3,16.7
2024-02-12,22.3,20.9,21.6,22.3,21.2,21.5,288,265,280,213,16.3,15.4,16.0,6.5,15.5,7.5,5.8,17.7,6.9,16.7,5.6,5.6,5.9,6.2,12.1,11.2,18.2,12.7,17.5,19.2,6.3,21.1,19.8,5.5,5.7,6.5,7.0,5.9,6.7,19.2,19.6,16.7,18.0,293,290,292,19.2,12.6,16.7,0.0,18.6,19.5,20.2,36.0,16.7
2024-02-13,22.3,20.9,21.6,22.3,21.2,21.5,288,265,280,213,16.3,15.4,16.0,6.5,15.5,7.5,5.8,17.7,6.9,16.7,5.6,5.6,5.9,6.2,12.1,11.2,18.2,12.7,17.5,19.2,6.3,21.1,19.8,5.5,5.7,6.5,7.0,5.9,6.7,19.2,19.6,16.7,18.0,293,290,292,19.2,12.6,16.7,0.0,18.6,19.5,20.2,36.0,16.7
2024-02-14,22.3,20.9,21.6,22.3,21.2,21.5,288,265,280,213,16.3,15.4,16.0,6.5,15.5,7.5,5.8,17.7,6.9,16.7,5.6,5.6,5.9,6.2,12.1,11.2,18.2,12.7,17.5,19.2,6.3,21.1,19.8,5.5,5.7,6.5,7.0,5.9,6.7,19.2,19.6,16.7,18.0,293,290,292,19.2,12.6,16.7,0.0,18.6,19.5,20.2,36.0,16.7
2024-02-15,22.3,20.9,21.6,22.3,21.2,21.5,288,265,280,213,16.3,15.4,16.0,6.5,15.5,7.5,5.8,17.7,6.9,16.7,5.6,5.6,5.9,6.2,12.1,11.2,18.2,12.7,17.5,19.2,6.3,21.1,19.8,5.5,5.7,6.5,7.0,5.9,6.7,19.2,19.6,16.7,18.0,293,290,292,19.2,12.6,16.7,0.0,18.6,19.5,20.2,36.0,16.7
2024-02-16,22.5,21.7,22.0,22.6,21.6,22.0,290,265,272,223,16.4,15.4,15.9,6.4,15.5,7.0,5.6,17.7,6.7,16.7,5.5,5.5,6.1,6.3,12.1,11.5,18.2,13.1,17.5,19.2,6.5,21.5,20.1,5.5,5.7,6.0,7.3,5.9,6.7,19.1,19.8,18.5,18.9,294,287,291,19.4,13.5,17.3,0.1,19.6,20.2,20.7,36.2,16.7
2024-02-17,22.5,21.7,22.0,22.6,21.6,22.0,290,265,272,223,16.4,15.4,15.9,6.4,15.5,7.0,5.6,17.7,6.7,16.7,5.5,5.5,6.1,6.3,12.1,11.5,18.2,13.1,17.5,19.2,6.5,21.5,20.1,5.5,5.7,6.0,7.3,5.9,6.7,19.1,19.8,18.5,18.9,294,287,291,19.4,13.5,17.3,0.1,19.6,20.2,20.7,36.2,16.7
2024-02-18,22.5,21.7,22.0,22.6,21.6,22.0,290,265,272,223,16.4,15.4,15.9,6.4,15.5,7.0,5.6,17.7,6.7,16.7,5.5,5.5,6.1,6.3,12.1,11.5,18.2,13.1,17.5,19.2,6.5,21.5,20.1,5.5,5.7,6.0,7.3,5.9,6.7,19.1,19.8,18.5,18.9,294,287,291,19.4,13.5,17.3,0.1,19.6,20.2,20.7,36.2,16.7
2024-02-19,22.5,21.7,22.0,22.6,21.6,22.0,290,265,272,223,16.4,15.4,15.9,6.4,15.5,7.0,5.6,17.7,6.7,16.7,5.5,5.5,6.1,6.3,12.1,11.5,18.2,13.1,17.5,19.2,6.5,21.5,20.1,5.5,5.7,6.0,7.3,5.9,6.7,19.1,19.8,18.5,18.9,294,287,291,19.4,13.5,17.3,0.1,19.6,20.2,20.7,36.2,16.7
2024-02-20,23.0,22.1,22.5,22.6,21.9,22.2,296,263,272,237,16.7,15.4,15.8,6.2,15.5,7.1,5.6,17.7,6.6,16.7,5.5,5.5,6.1,6.3,12.4,11.5,18.2,13.1,17.5,19.2,6.5,21.4,20.6,5.5,5.7,6.2,7.3,6.0,6.8,19.3,18.8,17.9,18.3,291,287,289,19.6,14.1,17.5,0.0,19.2,20.1,21.1,50.2,16.7
2024-02-21,23.0,22.1,22.5,22.6,21.9,22.2,296,263,272,237,16.7,15.4,15.8,6.2,15.5,7.1,5.6,17.7,6.6,16.7,5.5,5.5,6.1,6.3,12.4,11.5,18.2,13.1,17.5,19.2,6.5,21.4,20.6,5.5,5.7,6.2,7.3,6.0,6.8,19.3,18.8,17.9,18.3,291,287,289,19.6,14.1,17.5,0.0,19.2,20.1,21.1,50.2,16.7
2024-02-22,23.0,22.1,22.5,22.6,21.9,22.2,296,263,272,237,16.7,15.4,15.8,6.2,15.5,7.1,5.6,17.7,6.6,16.7,5.5,5.5,6.1,6.3,12.4,11.5,18.2,13.1,17.5,19.2,6.5,21.4,20.6,5.5,5.7,6.2,7.3,6.0,6.8,19.3,18.8,17.9,18.3,291,287,289,19.6,14.1,17.5,0.0,19.2,20.1,21.1,50.2,16.7
2024-02-23,23.0,22.1,22.5,22.6,21.9,22.2,296,263,272,237,16.7,15.4,15.8,6.2,15.5,7.1,5.6,17.7,6.6,16.7,5.5,5.5,6.1,6.3,12.4,11.5,18.2,13.1,17.5,19.2,6.5,21.4,20.6,5.5,5.7,6.2,7.3,6.0,6.8,19.3,18.8,17.9,18.3,291,287,289,19.6,14.1,17.5,0.0,19.2,20.1,21.1,50.2,16.7
2024-02-24,23.7,22.2,22.8,23.3,22.2,22.6,294,265,274,235,16.4,15.2,15.7,6.2,15.5,7.0,5.6,17.7,6.5,16.7,5.4,5.5,6.3,6.3,12.4,11.4,18.2,13.2,17.5,19.2,6.5,21.3,20.3,5.5,5.8,6.1,7.5,6.5,6.9,19.9,20.0,17.3,18.5,291,287,289,19.8,14.4,17.6,0.0,19.1,20.2,21.3,54.2,16.7
2024-02-25,23.7,22.2,22.8,23.3,22.2,22.6,294,265,274,235,16.4,15.2,15.7,6.2,15.5,7.0,5.6,17.7,6.5,16.7,5.4,5.5,6.3,6.3,12.4,11.4,18.2,13.2,17.5,19.2,6.5,21.3,20.3,5.5,5.8,6.1,7.5,6.5,6.9,19.9,20.0,17.3,18.5,291,287,289,19.8,14.4,17.6,0.0,19.1,20.2,21.3,54.2,16.7
2024-02-26,23.7,22.2,22.8,23.3,22.2,22.6,294,265,274,235,16.4,15.2,15.7,6.2,15.5,7.0,5.6,17.7,6.5,16.7,5.4,5.5,6.3,6.3,12.4,11.4,18.2,13.2,17.5,19.2,6.5,21.3,20.3,5.5,5.8,6.1,7.5,6.5,6.9,19.9,20.0,17.3,18.5,291,287,289,19.8,14.4,17.6,0.0,19.1,20.2,21.3,54.2,16.7
2024-02-27,23.7,22.2,22.8,23.3,22.2,22.6,294,265,274,235,16.4,15.2,15.7,6.2,15.5,7.0,5.6,17.7,6.5,16.7,5.4,5.5,6.3,6.3,12.4,11.4,18.2,13.2,17.5,19.2,6.5,21.3,20.3,5.5,5.8,6.1,7.5,6.5,6.9,19.9,20.0,17.3,18.5,291,287,289,19.8,14.4,17.6,0.0,19.1,20.2,21.3,54.2,16.7
2024-02-28,23.5,22.6,23.1,23.7,22.6,23.0,326,249,267,235,16.1,15.2,15.5,6.1,15.5,7.3,5.5,17.7,6.5,16.7,5.5,5.5,6.2,6.3,12.5,11.4,18.2,13.9,17.5,19.2,6.4,22.4,20.2,5.5,5.6,6.1,7.2,5.8,6.6,19.7,21.6,18.9,20.2,293,289,291,19.4,13.3,16.5,0.0,19.9,20.6,21.3,54.8,16.6
2024-02-29,23.5,22.6,23.1,23.7,22.6,23.0,326,249,267,235,16.1,15.2,15.5,6.1,15.5,7.3,5.5,17.7,6.5,16.7,5.5,5.5,6.2,6.3,12.5,11.4,18.2,13.9,17.5,19.2,6.4,22.4,20.2,5.5,5.6,6.1,7.2,5.8,6.6,19.7,21.6,18.9,20.2,293,289,291,19.4,13.3,16.5,0.0,19.9,20.6,21.3,54.8,16.6
2024-03-01,23.5,22.6,23.1,23.7,22.6,23.0,326,249,267,235,16.1,15.2,15.5,6.1,15.5,7.3,5.5,17.7,6.5,16.7,5.5,5.5,6.2,6.3,12.5,11.4,18.2,13.9,17.5,19.2,6.4,22.4,20.2,5.5,5.6,6.1,7.2,5.8,6.6,19.7,21.6,18.9,20.2,293,289,291,19.4,13.3,16.5,0.0,19.9,20.6,21.3,54.8,16.6
2024-03-02,23.5,22.6,23.1,23.7,22.6,23.0,326,249,267,235,16.1,15.2,15.5,6.1,15.5,7.3,5.5,17.7,6.5,16.7,5.5,5.5,6.2,6.3,12.5,11.4,18.2,13.9,17.5,19.2,6.4,22.4,20.2,5.5,5.6,6.1,7.2,5.8,6.6,19.7,21.6,18.9,20.2,293,289,291,19.4,13.3,16.5,0.0,19.9,20.6,21.3,54.8,16.6
2024-03-03,24.9,23.1,23.9,25.5,23.1,23.7,326,254,266,234,16.3,16.0,16.2,6.4,15.5,7.3,5.5,17.7,6.7,16.7,5.5,5.5,6.2,6.3,12.8,12.2,18.2,13.3,17.5,19.2,6.4,22.6,21.2,5.6,5.9,6.7,7.6,6.2,7.1,20.0,23.1,21.0,21.9,294,289,293,19.1,13.3,16.4,0.0,20.9,21.9,23.2,51.4,16.6
2024-03-04,24.9,23.1,23.9,25.5,23.1,23.7,326,254,266,234,16.3,16.0,16.2,6.4,15.5,7.3,5.5,17.7,6.7,16.7,5.5,5.5,6.2,6.3,12.8,12.2,18.2,13.3,17.5,19.2,6.4,22.6,21.2,5.6,5.9,6.7,7.6,6.2,7.1,20.0,23.1,21.0,21.9,294,289,293,19.1,13.3,16.4,0.0,20.9,21.9,23.2,51.4,16.6
2024-03-05,24.9,23.1,23.9,25.5,23.1,23.7,326,254,266,234,16.3,16.0,16.2,6.4,15.5,7.3,5.5,17.7,6.7,16.7,5.5,5.5,6.2,6.3,12.8,12.2,18.2,13.3,17.5,19.2,6.4,22.6,21.2,5.6,5.9,6.7,7.6,6.2,7.1,20.0,23.1,21.0,21.9,294,289,293,19.1,13.3,16.4,0.0,20.9,21.9,23.2,51.4,16.6
2024-03-06,24.9,23.1,23.9,25.5,23.1,23.7,326,254,266,234,16.3,16.0,16.2,6.4,15.5,7.3,5.5,17.7,6.7,16.7,5.5,5.5,6.2,6.3,12.8,12.2,18.2,13.3,17.5,19.2,6.4,22.6,21.2,5.6,5.9,6.7,7.6,6.2,7.1,20.0,23.1,21.0,21.9,294,289,293,19.1,13.3,16.4,0.0,20.9,21.9,23.2,51.4,16.6
2024-03-07,25.4,24.0,24.7,25.2,23.9,24.4,306,255,267,248,16.5,14.8,15.9,6.5,15.5,7.7,5.6,17.7,7.0,16.7,5.5,5.5,6.2,6.3,13.2,12.4,18.2,13.7,17.5,19.2,6.5,23.9,22.3,5.5,5.7,6.3,7.4,5.9,6.8,20.8,24.5,22.3,23.3,294,290,293,20.3,14.1,16.5,0.0,22.5,23.5,24.7,52.9,16.6
2024-03-08,25.4,24.0,24.7,25.2,23.9,24.4,306,255,267,248,16.5,14.8,15.9,6.5,15.5,7.7,5.6,17.7,7.0,16.7,5.5,5.5,6.2,6.3,13.2,12.4,18.2,13.7,17.5,19.2,6.5,23.9,22.3,5.5,5.7,6.3,7.4,5.9,6.8,20.8,24.5,22.3,23.3,294,290,293,20.3,14.1,16.5,0.0,22.5,23.5,24.7,52.9,16.6
2024-03-09,25.4,24.0,24.7,25.2,23.9,24.4,306,255,267,248,16.5,14.8,15.9,6.5,15.5,7.7,5.6,17.7,7.0,16.7,5.5,5.5,6.2,6.3,13.2,12.4,18.2,13.7,17.5,19.2,6.5,23.9,22.3,5.5,5.7,6.3,7.4,5.9,6.8,20.8,24.5,22.3,23.3,294,290,293,20.3,14.1,16.5,0.0,22.5,23.5,24.7,52.9,16.6
2024-03-10,25.4,24.0,24.7,25.2,23.9,24.4,306,255,267,248,16.5,14.8,15.9,6.5,15.5,7.7,5.6,17.7,7.0,16.7,5.5,5.5,6.2,6.3,13.2,12.4,18.2,13.7,17.5,19.2,6.5,23.9,22.3,5.5,5.7,6.3,7.4,5.9,6.8,20.8,24.5,22.3,23.3,294,290,293,20.3,14.1,16.5,0.0,22.5,23.5,24.7,52.9,16.6
2024-03-11,26.6,24.9,25.8,26.3,24.6,25.4,306,264,277,276,15.6,13.0,14.6,6.5,15.5,7.5,5.6,17.7,6.8,16.7,5.4,5.5,6.2,6.3,13.1,12.6,18.2,13.7,17.5,19.2,6.4,27.2,24.0,5.5,5.7,6.5,7.3,6.1,7.0,20.9,24.9,22.5,23.5,295,286,291,20.4,13.2,16.8,1.6,23.1,23.5,23.9,47.4,16.6
2024-03-12,26.6,24.9,25.8,26.3,24.6,25.4,306,264,277,276,15.6,13.0,14.6,6.5,15.5,7.5,5.6,17.7,6.8,16.7,5.4,5.5,6.2,6.3,13.1,12.6,18.2,13.7,17.5,19.2,6.4,27.2,24.0,5.5,5.7,6.5,7.3,6.1,7.0,20.9,24.9,22.5,23.5,295,286,291,20.4,13.2,16.8,1.6,23.1,23.5,23.9,47.4,16.6
2024-03-13,26.6,24.9,25.8,26.3,24.6,25.4,306,264,277,276,15.6,13.0,14.6,6.5,15.5,7.5,5.6,17.7,6.8,16.7,5.4,5.5,6.2,6.3,13.1,12.6,18.2,13.7,17.5,19.2,6.4,27.2,24.0,5.5,5.7,6.5,7.3,6.1,7.0,20.9,24.9,22.5,23.5,295,286,291,20.4,13.2,16.8,1.6,23.1,23.5,23.9,47.4,16.6
2024-03-14,26.6,24.9,25.8,26.3,24.6,25.4,306,264,277,276,15.6,13.0,14.6,6.5,15.5,7.5,5.6,17.7,6.8,16.7,5.4,5.5,6.2,6.3,13.1,12.6,18.2,13.7,17.5,19.2,6.4,27.2,24.0,5.5,5.7,6.5,7.3,6.1,7.0,20.9,24.9,22.5,23.5,295,286,291,20.4,13.2,16.8,1.6,23.1,23.5,23.9,47.4,16.6
2024-03-15,27.4,26.1,26.7,27.0,25.7,26.4,285,252,265,275,13.9,12.2,13.0,6.5,15.5,7.4,5.6,17.7,6.9,16.7,5.5,5.5,6.3,6.4,13.4,12.6,18.2,14.3,17.5,19.2,6.6,27.7,25.8,5.5,5.8,6.6,7.6,6.1,7.1,23.0,24.0,21.8,22.7,290,285,288,22.7,15.0,19.3,0.1,22.9,23.4,24.0,47.2,16.6
2024-03-16,27.4,26.1,26.7,27.0,25.7,26.4,285,252,265,275,13.9,12.2,13.0,6.5,15.5,7.4,5.6,17.7,6.9,16.7,5.5,5.5,6.3,6.4,13.4,12.6,18.2,14.3,17.5,19.2,6.6,27.7,25.8,5.5,5.8,6.6,7.6,6.1,7.1,23.0,24.0,21.8,22.7,290,285,288,22.7,15.0,19.3,0.1,22.9,23.4,24.0,47.2,16.6
2024-03-17,27.4,26.1,26.7,27.0,25.7,26.4,285,252,265,275,13.9,12.2,13.0,6.5,15.5,7.4,5.6,17.7,6.9,16.7,5.5,5.5,6.3,6.4,13.4,12.6,18.2,14.3,17.5,19.2,6.6,27.7,25.8,5.5,5.8,6.6,7.6,6.1,7.1,23.0,24.0,21.8,22.7,290,285,288,22.7,15.0,19.3,0.1,22.9,23.4,24.0,47.2,16.6
2024-03-18,27.4,26.1,26.7,27.0,25.7,26.4,285,252,265,275,13.9,12.2,13.0,6.5,15.5,7.4,5.6,17.7,6.9,16.7,5.5,5.5,6.3,6.4,13.4,12.6,18.2,14.3,17.5,19.2,6.6,27.7,25.8,5.5,5.8,6.6,7.6,6.1,7.1,23.0,24.0,21.8,22.7,290,285,288,22.7,15.0,19.3,0.1,22.9,23.4,24.0,47.2,16.6
2024-03-19,27.3,26.4,26.9,27.5,26.6,26.8,274,253,263,273,14.0,12.2,13.0,6.7,15.5,7.5,5.9,17.7,7.1,16.7,5.5,5.6,6.3,6.4,13.7,12.4,18.2,15.3,17.5,19.2,6.6,27.1,26.1,5.5,5.8,6.4,7.4,6.1,7.0,23.8,23.6,21.5,22.6,290,285,287,21.7,17.6,20.5,0.2,22.3,22.7,23.2,61.5,16.6
2024-03-20,27.3,26.4,26.9,27.5,26.6,26.8,274,253,263,273,14.0,12.2,13.0,6.7,15.5,7.5,5.9,17.7,7.1,16.7,5.5,5.6,6.3,6.4,13.7,12.4,18.2,15.3,17.5,19.2,6.6,27.1,26.1,5.5,5.8,6.4,7.4,6.1,7.0,23.8,23.6,21.5,22.6,290,285,287,21.7,17.6,20.5,0.2,22.3,22.7,23.2,61.5,16.6
2024-03-21,27.3,26.4,26.9,27.5,26.6,26.8,274,253,263,273,14.0,12.2,13.0,6.7,15.5,7.5,5.9,17.7,7.1,16.7,5.5,5.6,6.3,6.4,13.7,12.4,18.2,15.3,17.5,19.2,6.6,27.1,26.1,5.5,5.8,6.4,7.4,6.1,7.0,23.8,23.6,21.5,22.6,290,285,287,21.7,17.6,20.5,0.2,22.3,22.7,23.2,61.5,16.6
2024-03-22,27.3,26.4,26.9,27.5,26.6,26.8,274,253,263,273,14.0,12.2,13.0,6.7,15.5,7.5,5.9,17.7,7.1,16.7,5.5,5.6,6.3,6.4,13.7,12.4,18.2,15.3,17.5,19.2,6.6,27.1,26.1,5.5,5.8,6.4,7.4,6.1,7.0,23.8,23.6,21.5,22.6,290,285,287,21.7,17.6,20.5,0.2,22.3,22.7,23.2,61.5,16.6
2024-03-23,26.5,25.7,26.1,26.7,25.7,26.2,281,250,261,273,14.0,12.0,13.0,6.4,15.5,7.5,5.7,17.7,6.8,16.7,5.5,5.6,6.4,6.5,13.7,10.9,18.2,16.4,17.5,19.2,6.9,26.8,26.3,5.5,5.8,6.6,7.9,6.2,7.2,24.3,24.2,23.0,23.5,291,286,289,21.3,15.7,18.5,0.6,22.1,22.7,23.2,64.3,16.7
2024-03-24,26.5,25.7,26.1,26.7,25.7,26.2,281,250,261,273,14.0,12.0,13.0,6.4,15.5,7.5,5.7,17.7,6.8,16.7,5.5,5.6,6.4,6.5,13.7,10.9,18.2,16.4,17.5,19.2,6.9,26.8,26.3,5.5,5.8,6.6,7.9,6.2,7.2,24.3,24.2,23.0,23.5,291,286,289,21.3,15.7,18.5,0.6,22.1,22.7,23.2,64.3,16.7
2024-03-25,26.5,25.7,26.1,26.7,25.7,26.2,281,250,261,273,14.0,12.0,13.0,6.4,15.5,7.5,5.7,17.7,6.8,16.7,5.5,5.6,6.4,6.5,13.7,10.9,18.2,16.4,17.5,19.2,6.9,26.8,26.3,5.5,5.8,6.6,7.9,6.2,7.2,24.3,24.2,23.0,23.5,291,286,289,21.3,15.7,18.5,0.6,22.1,22.7,23.2,64.3,16.7
2024-03-26,26.5,25.7,26.1,26.7,25.7,26.2,281,250,261,273,14.0,12.0,13.0,6.4,15.5,7.5,5.7,17.7,6.8,16.7,5.5,5.6,6.4,6.5,13.7,10.9,18.2,16.4,17.5,19.2,6.9,26.8,26.3,5.5,5.8,6.6,7.9,6.2,7.2,24.3,24.2,23.0,23.5,291,286,289,21.3,15.7,18.5,0.6,22.1,22.7,23.2,64.3,16.7
2024-03-27,25.7,25.1,25.4,25.7,25.1,25.4,313,281,300,272,15.4,12.7,13.6,6.4,15.5,9.7,6.0,17.7,7.8,16.7,5.6,5.7,6.4,6.6,13.2,11.3,18.2,14.7,17.5,19.2,7.0,26.2,24.9,5.5,5.7,6.4,7.6,6.3,7.0,24.0,23.3,12.1,18.8,291,285,289,17.6,14.0,16.0,0.2,21.8,22.2,22.5,58.8,16.7
2024-03-28,25.7,25.1,25.4,25.7,25.1,25.4,313,281,300,272,15.4,12.7,13.6,6.4,15.5,9.7,6.0,17.7,7.8,16.7,5.6,5.7,6.4,6.6,13.2,11.3,18.2,14.7,17.5,19.2,7.0,26.2,24.9,5.5,5.7,6.4,7.6,6.3,7.0,24.0,23.3,12.1,18.8,291,285,289,17.6,14.0,16.0,0.2,21.8,22.2,22.5,58.8,16.7
2024-03-29,25.7,25.1,25.4,25.7,25.1,25.4,313,281,300,272,15.4,12.7,13.6,6.4,15.5,9.7,6.0,17.7,7.8,16.7,5.6,5.7,6.4,6.6,13.2,11.3,18.2,14.7,17.5,19.2,7.0,26.2,24.9,5.5,5.7,6.4,7.6,6.3,7.0,24.0,23.3,12.1,18.8,291,285,289,17.6,14.0,16.0,0.2,21.8,22.2,22.5,58.8,16.7
2024-03-30,25.7,25.1,25.4,25.7,25.1,25.4,313,281,300,272,15.4,12.7,13.6,6.4,15.5,9.7,6.0,17.7,7.8,16.7,5.6,5.7,6.4,6.6,13.2,11.3,18.2,14.7,17.5,19.2,7.0,26.2,24.9,5.5,5.7,6.4,7.6,6.3,7.0,24.0,23.3,12.1,18.8,291,285,289,17.6,14.0,16.0,0.2,21.8,22.2,22.5,58.8,16.7
2024-03-31,25.2,24.9,25.1,25.4,24.9,25.1,303,281,290,271,14.8,12.2,13.6,6.0,15.5,6.9,6.0,17.7,6.3,16.7,5.5,5.6,6.4,6.7,14.4,12.8,18.2,15.6,17.5,19.2,7.0,24.5,23.9,5.5,5.8,6.7,8.0,6.2,7.2,23.3,20.1,13.7,18.2,292,288,291,19.2,14.7,17.3,0.0,21.4,22.1,22.9,53.5,16.7
2024-04-01,25.2,24.9,25.1,25.4,24.9,25.1,303,281,290,271,14.8,12.2,13.6,6.0,15.5,6.9,6.0,17.7,6.3,16.7,5.5,5.6,6.4,6.7,14.4,12.8,18.2,15.6,17.5,19.2,7.0,24.5,23.9,5.5,5.8,6.7,8.0,6.2,7.2,23.3,20.1,13.7,18.2,292,288,291,19.2,14.7,17.3,0.0,21.4,22.1,22.9,53.5,16.7
2024-04-02,25.2,24.9,25.1,25.4,24.9,25.1,303,281,290,271,14.8,12.2,13.6,6.0,15.5,6.9,6.0,17.7,6.3,16.7,5.5,5.6,6.4,6.7,14.4,12.8,18.2,15.6,17.5,19.2,7.0,24.5,23.9,5.5,5.8,6.7,8.0,6.2,7.2,23.3,20.1,13.7,18.2,292,288,291,19.2,14.7,17.3,0.0,21.4,22.1,22.9,53.5,16.7
2024-04-03,25.2,24.9,25.1,25.4,24.9,25.1,303,281,290,271,14.8,12.2,13.6,6.0,15.5,6.9,6.0,17.7,6.3,16.7,5.5,5.6,6.4,6.7,14.4,12.8,18.2,15.6,17.5,19.2,7.0,24.5,23.9,5.5,5.8,6.7,8.0,6.2,7.2,23.3,20.1,13.7,18.2,292,288,291,19.2,14.7,17.3,0.0,21.4,22.1,22.9,53.5,16.7
2024-04-04,25.6,24.8,25.2,25.5,24.8,25.1,292,253,273,253,15.2,12.8,14.1,6.3,15.5,8.1,6.0,17.7,7.2,16.7,5.7,5.8,6.5,6.7,14.0,13.0,18.2,15.1,17.5,19.2,7.1,24.6,24.1,5.5,5.7,6.6,8.3,6.2,7.1,23.6,21.6,20.0,20.6,293,289,291,19.1,15.8,18.1,0.0,21.5,21.9,22.3,52.1,16.9
2024-04-05,25.6,24.8,25.2,25.5,24.8,25.1,292,253,273,253,15.2,12.8,14.1,6.3,15.5,8.1,6.0,17.7,7.2,16.7,5.7,5.8,6.5,6.7,14.0,13.0,18.2,15.1,17.5,19.2,7.1,24.6,24.1,5.5,5.7,6.6,8.3,6.2,7.1,23.6,21.6,20.0,20.6,293,289,291,19.1,15.8,18.1,0.0,21.5,21.9,22.3,52.1,16.9
2024-04-06,25.6,24.8,25.2,25.5,24.8,25.1,292,253,273,253,15.2,12.8,14.1,6.3,15.5,8.1,6.0,17.7,7.2,16.7,5.7,5.8,6.5,6.7,14.0,13.0,18.2,15.1,17.5,19.2,7.1,24.6,24.1,5.5,5.7,6.6,8.3,6.2,7.1,23.6,21.6,20.0,20.6,293,289,291,19.1,15.8,18.1,0.0,21.5,21.9,22.3,52.1,16.9
2024-04-07,25.6,24.8,25.2,25.5,24.8,25.1,292,253,273,253,15.2,12.8,14.1,6.3,15.5,8.1,6.0,17.7,7.2,16.7,5.7,5.8,6.5,6.7,14.0,13.0,18.2,15.1,17.5,19.2,7.1,24.6,24.1,5.5,5.7,6.6,8.3,6.2,7.1,23.6,21.6,20.0,20.6,293,289,291,19.1,15.8,18.1,0.0,21.5,21.9,22.3,52.1,16.9
2024-04-08,25.4,24.9,25.1,25.4,25.0,25.1,263,250,258,222,15.6,14.2,14.9,6.5,15.5,8.2,6.3,17.7,7.3,16.7,5.7,5.9,6.5,6.7,14.3,12.5,18.2,16.5,17.5,19.2,6.9,24.8,24.1,5.5,5.9,6.6,7.9,6.6,7.3,23.6,21.3,20.2,20.6,293,286,290,19.8,15.5,18.2,0.0,21.3,21.9,22.6,50.6,16.9
2024-04-09,25.4,24.9,25.1,25.4,25.0,25.1,263,250,258,222,15.6,14.2,14.9,6.5,15.5,8.2,6.3,17.7,7.3,16.7,5.7,5.9,6.5,6.7,14.3,12.5,18.2,16.5,17.5,19.2,6.9,24.8,24.1,5.5,5.9,6.6,7.9,6.6,7.3,23.6,21.3,20.2,20.6,293,286,290,19.8,15.5,18.2,0.0,21.3,21.9,22.6,50.6,16.9
2024-04-10,25.4,24.9,25.1,25.4,25.0,25.1,263,250,258,222,15.6,14.2,14.9,6.5,15.5,8.2,6.3,17.7,7.3,16.7,5.7,5.9,6.5,6.7,14.3,12.5,18.2,16.5,17.5,19.2,6.9,24.8,24.1,5.5,5.9,6.6,7.9,6.6,7.3,23.6,21.3,20.2,20.6,293,286,290,19.8,15.5,18.2,0.0,21.3,21.9,22.6,50.6,16.9
2024-04-11,25.4,24.9,25.1,25.4,25.0,25.1,263,250,258,222,15.6,14.2,14.9,6.5,15.5,8.2,6.3,17.7,7.3,16.7,5.7,5.9,6.5,6.7,14.3,12.5,18.2,16.5,17.5,19.2,6.9,24.8,24.1,5.5,5.9,6.6,7.9,6.6,7.3,23.6,21.3,20.2,20.6,293,286,290,19.8,15.5,18.2,0.0,21.3,21.9,22.6,50.6,16.9
2024-04-12,25.2,24.4,24.8,25.0,24.6,24.8,262,240,249,220,16.0,13.6,15.0,6.4,15.5,8.5,6.1,17.7,7.1,16.7,5.7,5.8,6.5,6.7,14.3,12.8,18.2,15.5,17.5,19.2,7.0,24.4,23.5,5.5,5.7,6.5,8.3,5.9,7.5,23.0,21.2,19.6,20.5,290,286,288,21.8,16.9,19.6,0.0,20.5,21.7,22.6,49.7,16.9
2024-04-13,25.2,24.4,24.8,25.0,24.6,24.8,262,240,249,220,16.0,13.6,15.0,6.4,15.5,8.5,6.1,17.7,7.1,16.7,5.7,5.8,6.5,6.7,14.3,12.8,18.2,15.5,17.5,19.2,7.0,24.4,23.5,5.5,5.7,6.5,8.3,5.9,7.5,23.0,21.2,19.6,20.5,290,286,288,21.8,16.9,19.6,0.0,20.5,21.7,22.6,49.7,16.9
2024-04-14,25.2,24.4,24.8,25.0,24.6,24.8,262,240,249,220,16.0,13.6,15.0,6.4,15.5,8.5,6.1,17.7,7.1,16.7,5.7,5.8,6.5,6.7,14.3,12.8,18.2,15.5,17.5,19.2,7.0,24.4,23.5,5.5,5.7,6.5,8.3,5.9,7.5,23.0,21.2,19.6,20.5,290,286,288,21.8,16.9,19.6,0.0,20.5,21.7,22.6,49.7,16.9
2024-04-15,25.2,24.4,24.8,25.0,24.6,24.8,262,240,249,220,16.0,13.6,15.0,6.4,15.5,8.5,6.1,17.7,7.1,16.7,5.7,5.8,6.5,6.7,14.3,12.8,18.2,15.5,17.5,19.2,7.0,24.4,23.5,5.5,5.7,6.5,8.3,5.9,7.5,23.0,21.2,19.6,20.5,290,286,288,21.8,16.9,19.6,0.0,20.5,21.7,22.6,49.7,16.9
2024-04-16,24.8,23.9,24.2,24.7,24.0,24.3,251,237,244,220,16.0,13.7,15.0,6.5,15.5,8.7,6.0,17.7,7.2,16.7,5.7,5.9,6.5,6.7,14.7,13.2,18.2,16.4,17.5,19.2,6.9,23.2,22.7,5.6,5.8,6.7,8.6,6.2,7.3,22.5,20.7,19.9,20.2,290,288,289,19.8,14.2,17.3,0.4,20.6,21.1,22.0,53.7,16.9
2024-04-17,24.8,23.9,24.2,24.7,24.0,24.3,251,237,244,220,16.0,13.7,15.0,6.5,15.5,8.7,6.0,17.7,7.2,16.7,5.7,5.9,6.5,6.7,14.7,13.2,18.2,16.4,17.5,19.2,6.9,23.2,22.7,5.6,5.8,6.7,8.6,6.2,7.3,22.5,20.7,19.9,20.2,290,288,289,19.8,14.2,17.3,0.4,20.6,21.1,22.0,53.7,16.9
2024-04-18,24.8,23.9,24.2,24.7,24.0,24.3,251,237,244,220,16.0,13.7,15.0,6.5,15.5,8.7,6.0,17.7,7.2,16.7,5.7,5.9,6.5,6.7,14.7,13.2,18.2,16.4,17.5,19.2,6.9,23.2,22.7,5.6,5.8,6.7,8.6,6.2,7.3,22.5,20.7,19.9,20.2,290,288,289,19.8,14.2,17.3,0.4,20.6,21.1,22.0,53.7,16.9
2024-04-19,24.8,23.9,24.2,24.7,24.0,24.3,251,237,244,220,16.0,13.7,15.0,6.5,15.5,8.7,6.0,17.7,7.2,16.7,5.7,5.9,6.5,6.7,14.7,13.2,18.2,16.4,17.5,19.2,6.9,23.2,22.7,5.6,5.8,6.7,8.6,6.2,7.3,22.5,20.7,19.9,20.2,290,288,289,19.8,14.2,17.3,0.4,20.6,21.1,22.0,53.7,16.9
2024-04-20,24.4,23.7,24.0,24.6,23.8,24.0,243,230,237,220,16.8,14.8,15.6,6.5,15.5,8.8,5.9,17.7,7.2,16.7,5.7,5.8,6.5,6.8,14.6,13.7,18.2,15.6,17.5,19.2,7.0,24.0,23.1,5.6,5.8,6.3,8.2,6.1,7.5,22.5,21.6,20.3,20.9,290,285,288,17.0,14.8,16.1,0.0,20.6,21.1,21.6,55.5,16.7
2024-04-21,24.4,23.7,24.0,24.6,23.8,24.0,243,230,237,220,16.8,14.8,15.6,6.5,15.5,8.8,5.9,17.7,7.2,16.7,5.7,5.8,6.5,6.8,14.6,13.7,18.2,15.6,17.5,19.2,7.0,24.0,23.1,5.6,5.8,6.3,8.2,6.1,7.5,22.5,21.6,20.3,20.9,290,285,288,17.0,14.8,16.1,0.0,20.6,21.1,21.6,55.5,16.7
2024-04-22,24.4,23.7,24.0,24.6,23.8,24.0,243,230,237,220,16.8,14.8,15.6,6.5,15.5,8.8,5.9,17.7,7.2,16.7,5.7,5.8,6.5,6.8,14.6,13.7,18.2,15.6,17.5,19.2,7.0,24.0,23.1,5.6,5.8,6.3,8.2,6.1,7.5,22.5,21.6,20.3,20.9,290,285,288,17.0,14.8,16.1,0.0,20.6,21.1,21.6,55.5,16.7
2024-04-23,24.4,23.7,24.0,24.6,23.8,24.0,243,230,237,220,16.8,14.8,15.6,6.5,15.5,8.8,5.9,17.7,7.2,16.7,5.7,5.8,6.5,6.8,14.6,13.7,18.2,15.6,17.5,19.2,7.0,24.0,23.1,5.6,5.8,6.3,8.2,6.1,7.5,22.5,21.6,20.3,20.9,290,285,288,17.0,14.8,16.1,0.0,20.6,21.1,21.6,55.5,16.7
2024-04-24,24.1,23.6,23.9,24.1,23.6,23.8,285,228,262,219,17.4,14.8,16.3,6.0,15.5,7.3,5.8,17.7,6.8,16.7,5.6,5.7,6.5,6.7,15.7,14.1,18.2,17.6,17.5,19.2,7.0,23.4,22.8,5.4,5.7,6.5,8.2,6.1,7.4,22.4,20.6,17.6,19.0,292,286,289,20.6,15.5,18.3,0.0,20.6,21.3,21.9,53.4,16.7
2024-04-25,24.1,23.6,23.9,24.1,23.6,23.8,285,228,262,219,17.4,14.8,16.3,6.0,15.5,7.3,5.8,17.7,6.8,16.7,5.6,5.7,6.5,6.7,15.7,14.1,18.2,17.6,17.5,19.2,7.0,23.4,22.8,5.4,5.7,6.5,8.2,6.1,7.4,22.4,20.6,17.6,19.0,292,286,289,20.6,15.5,18.3,0.0,20.6,21.3,21.9,53.4,16.7
2024-04-26,24.1,23.6,23.9,24.1,23.6,23.8,285,228,262,219,17.4,14.8,16.3,6.0,15.5,7.3,5.8,17.7,6.8,16.7,5.6,5.7,6.5,6.7,15.7,14.1,18.2,17.6,17.5,19.2,7.0,23.4,22.8,5.4,5.7,6.5,8.2,6.1,7.4,22.4,20.6,17.6,19.0,292,286,289,20.6,15.5,18.3,0.0,20.6,21.3,21.9,53.4,16.7
2024-04-27,24.1,23.6,23.9,24.1,23.6,23.8,285,228,262,219,17.4,14.8,16.3,6.0,15.5,7.3,5.8,17.7,6.8,16.7,5.6,5.7,6.5,6.7,15.7,14.1,18.2,17.6,17.5,19.2,7.0,23.4,22.8,5.4,5.7,6.5,8.2,6.1,7.4,22.4,20.6,17.6,19.0,292,286,289,20.6,15.5,18.3,0.0,20.6,21.3,21.9,53.4,16.7
2024-04-28,25.1,23.6,24.1,25.0,23.5,24.0,297,247,281,218,16.6,14.4,15.8,6.2,15.5,7.8,5.7,17.7,6.9,16.7,5.6,5.6,6.6,6.8,15.9,14.4,18.2,17.2,17.5,19.2,6.9,23.0,22.5,5.6,6.0,6.9,8.6,6.2,7.7,22.2,20.8,17.6,19.2,292,288,290,24.2,17.8,20.7,0.0,20.4,21.7,23.1,52.7,16.7
2024-04-29,25.1,23.6,24.1,25.0,23.5,24.0,297,247,281,218,16.6,14.4,15.8,6.2,15.5,7.8,5.7,17.7,6.9,16.7,5.6,5.6,6.6,6.8,15.9,14.4,18.2,17.2,17.5,19.2,6.9,23.0,22.5,5.6,6.0,6.9,8.6,6.2,7.7,22.2,20.8,17.6,19.2,292,288,290,24.2,17.8,20.7,0.0,20.4,21.7,23.1,52.7,16.7
2024-04-30,25.1,23.6,24.1,25.0,23.5,24.0,297,247,281,218,16.6,14.4,15.8,6.2,15.5,7.8,5.7,17.7,6.9,16.7,5.6,5.6,6.6,6.8,15.9,14.4,18.2,17.2,17.5,19.2,6.9,23.0,22.5,5.6,6.0,6.9,8.6,6.2,7.7,22.2,20.8,17.6,19.2,292,288,290,24.2,17.8,20.7,0.0,20.4,21.7,23.1,52.7,16.7
2024-05-01,25.1,23.6,24.1,25.0,23.5,24.0,297,247,281,218,16.6,14.4,15.8,6.2,15.5,7.8,5.7,17.7,6.9,16.7,5.6,5.6,6.6,6.8,15.9,14.4,18.2,17.2,17.5,19.2,6.9,23.0,22.5,5.6,6.0,6.9,8.6,6.2,7.7,22.2,20.8,17.6,19.2,292,288,290,24.2,17.8,20.7,0.0,20.4,21.7,23.1,52.7,16.7
2024-05-02,25.1,23.8,24.5,24.9,23.8,24.3,274,234,252,217,16.4,15.1,15.9,7.1,15.5,8.3,6.0,17.7,7.7,16.7,5.7,5.8,6.7,6.8,15.5,14.4,18.2,16.8,17.5,19.2,7.0,23.4,22.7,5.5,5.9,6.8,8.9,6.4,7.5,22.0,22.2,20.3,21.2,293,291,292,20.5,16.4,18.9,0.0,21.6,22.5,23.4,53.1,16.7
2024-05-03,25.1,23.8,24.5,24.9,23.8,24.3,274,234,252,217,16.4,15.1,15.9,7.1,15.5,8.3,6.0,17.7,7.7,16.7,5.7,5.8,6.7,6.8,15.5,14.4,18.2,16.8,17.5,19.2,7.0,23.4,22.7,5.5,5.9,6.8,8.9,6.4,7.5,22.0,22.2,20.3,21.2,293,291,292,20.5,16.4,18.9,0.0,21.6,22.5,23.4,53.1,16.7
2024-05-04,25.1,23.8,24.5,24.9,23.8,24.3,274,234,252,217,16.4,15.1,15.9,7.1,15.5,8.3,6.0,17.7,7.7,16.7,5.7,5.8,6.7,6.8,15.5,14.4,18.2,16.8,17.5,19.2,7.0,23.4,22.7,5.5,5.9,6.8,8.9,6.4,7.5,22.0,22.2,20.3,21.2,293,291,292,20.5,16.4,18.9,0.0,21.6,22.5,23.4,53.1,16.7
2024-05-05,25.1,23.8,24.5,24.9,23.8,24.3,274,234,252,217,16.4,15.1,15.9,7.1,15.5,8.3,6.0,17.7,7.7,16.7,5.7,5.8,6.7,6.8,15.5,14.4,18.2,16.8,17.5,19.2,7.0,23.4,22.7,5.5,5.9,6.8,8.9,6.4,7.5,22.0,22.2,20.3,21.2,293,291,292,20.5,16.4,18.9,0.0,21.6,22.5,23.4,53.1,16.7
2024-05-06,25.0,24.3,24.6,25.0,24.3,24.5,268,236,256,216,16.9,15.7,16.4,6.7,15.5,8.3,5.7,17.7,7.5,16.7,5.6,5.7,6.8,6.9,16.4,15.3,18.2,17.9,17.5,19.2,6.9,24.3,23.0,5.6,5.9,7.1,9.2,6.1,7.9,22.5,23.1,21.6,22.2,293,290,292,21.4,16.4,19.2,0.0,22.3,23.2,24.2,51.3,16.7
2024-05-07,25.0,24.3,24.6,25.0,24.3,24.5,268,236,256,216,16.9,15.7,16.4,6.7,15.5,8.3,5.7,17.7,7.5,16.7,5.6,5.7,6.8,6.9,16.4,15.3,18.2,17.9,17.5,19.2,6.9,24.3,23.0,5.6,5.9,7.1,9.2,6.1,7.9,22.5,23.1,21.6,22.2,293,290,292,21.4,16.4,19.2,0.0,22.3,23.2,24.2,51.3,16.7
2024-05-08,25.0,24.3,24.6,25.0,24.3,24.5,268,236,256,216,16.9,15.7,16.4,6.7,15.5,8.3,5.7,17.7,7.5,16.7,5.6,5.7,6.8,6.9,16.4,15.3,18.2,17.9,17.5,19.2,6.9,24.3,23.0,5.6,5.9,7.1,9.2,6.1,7.9,22.5,23.1,21.6,22.2,293,290,292,21.4,16.4,19.2,0.0,22.3,23.2,24.2,51.3,16.7
2024-05-09,25.0,24.3,24.6,25.0,24.3,24.5,268,236,256,216,16.9,15.7,16.4,6.7,15.5,8.3,5.7,17.7,7.5,16.7,5.6,5.7,6.8,6.9,16.4,15.3,18.2,17.9,17.5,19.2,6.9,24.3,23.0,5.6,5.9,7.1,9.2,6.1,7.9,22.5,23.1,21.6,22.2,293,290,292,21.4,16.4,19.2,0.0,22.3,23.2,24.2,51.3,16.7
2024-05-10,25.5,24.8,25.1,25.4,24.6,25.0,256,219,232,216,16.8,15.8,16.5,6.9,15.5,8.1,5.7,17.7,7.4,16.7,5.6,5.7,6.6,6.8,17.2,16.1,18.2,18.0,17.5,19.2,7.0,25.3,24.0,5.5,5.8,7.0,8.4,6.0,7.8,22.9,22.7,21.8,22.3,292,288,290,24.3,18.9,21.7,0.0,23.1,24.0,25.5,50.7,16.7
2024-05-11,25.5,24.8,25.1,25.4,24.6,25.0,256,219,232,216,16.8,15.8,16.5,6.9,15.5,8.1,5.7,17.7,7.4,16.7,5.6,5.7,6.6,6.8,17.2,16.1,18.2,18.0,17.5,19.2,7.0,25.3,24.0,5.5,5.8,7.0,8.4,6.0,7.8,22.9,22.7,21.8,22.3,292,288,290,24.3,18.9,21.7,0.0,23.1,24.0,25.5,50.7,16.7
2024-05-12,25.5,24.8,25.1,25.4,24.6,25.0,256,219,232,216,16.8,15.8,16.5,6.9,15.5,8.1,5.7,17.7,7.4,16.7,5.6,5.7,6.6,6.8,17.2,16.1,18.2,18.0,17.5,19.2,7.0,25.3,24.0,5.5,5.8,7.0,8.4,6.0,7.8,22.9,22.7,21.8,22.3,292,288,290,24.3,18.9,21.7,0.0,23.1,24.0,25.5,50.7,16.7
2024-05-13,25.5,24.8,25.1,25.4,24.6,25.0,256,219,232,216,16.8,15.8,16.5,6.9,15.5,8.1,5.7,17.7,7.4,16.7,5.6,5.7,6.6,6.8,17.2,16.1,18.2,18.0,17.5,19.2,7.0,25.3,24.0,5.5,5.8,7.0,8.4,6.0,7.8,22.9,22.7,21.8,22.3,292,288,290,24.3,18.9,21.7,0.0,23.1,24.0,25.5,50.7,16.7
2024-05-14,26.5,25.3,25.9,26.4,25.1,25.7,254,230,242,216,16.9,16.1,16.5,6.9,15.5,8.3,5.7,17.7,7.5,16.7,5.6,5.7,6.6,6.8,17.0,15.8,18.2,18.6,17.5,19.2,7.1,27.1,25.5,5.6,5.9,7.3,8.3,6.3,7.8,23.9,23.1,21.3,22.1,292,286,289,25.7,20.7,24.2,0.6,22.5,23.9,25.5,58.7,16.7
2024-05-15,26.5,25.3,25.9,26.4,25.1,25.7,254,230,242,216,16.9,16.1,16.5,6.9,15.5,8.3,5.7,17.7,7.5,16.7,5.6,5.7,6.6,6.8,17.0,15.8,18.2,18.6,17.5,19.2,7.1,27.1,25.5,5.6,5.9,7.3,8.3,6.3,7.8,23.9,23.1,21.3,22.1,292,286,289,25.7,20.7,24.2,0.6,22.5,23.9,25.5,58.7,16.7
2024-05-16,26.5,25.3,25.9,26.4,25.1,25.7,254,230,242,216,16.9,16.1,16.5,6.9,15.5,8.3,5.7,17.7,7.5,16.7,5.6,5.7,6.6,6.8,17.0,15.8,18.2,18.6,17.5,19.2,7.1,27.1,25.5,5.6,5.9,7.3,8.3,6.3,7.8,23.9,23.1,21.3,22.1,292,286,289,25.7,20.7,24.2,0.6,22.5,23.9,25.5,58.7,16.7
2024-05-17,26.5,25.3,25.9,26.4,25.1,25.7,254,230,242,216,16.9,16.1,16.5,6.9,15.5,8.3,5.7,17.7,7.5,16.7,5.6,5.7,6.6,6.8,17.0,15.8,18.2,18.6,17.5,19.2,7.1,27.1,25.5,5.6,5.9,7.3,8.3,6.3,7.8,23.9,23.1,21.3,22.1,292,286,289,25.7,20.7,24.2,0.6,22.5,23.9,25.5,58.7,16.7
2024-05-18,27.3,26.3,26.8,27.6,26.0,26.5,266,237,249,217,17.3,16.3,16.8,6.8,15.5,8.1,5.8,17.7,7.3,16.7,5.6,5.7,6.7,6.9,17.7,15.9,18.2,18.8,17.5,19.2,7.1,27.8,26.4,5.8,6.0,7.4,8.7,6.2,8.0,25.2,21.9,20.8,21.4,292,286,289,26.4,22.6,25.2,0.0,22.7,24.3,25.5,54.6,16.7
2024-05-19,27.3,26.3,26.8,27.6,26.0,26.5,266,237,249,217,17.3,16.3,16.8,6.8,15.5,8.1,5.8,17.7,7.3,16.7,5.6,5.7,6.7,6.9,17.7,15.9,18.2,18.8,17.5,19.2,7.1,27.8,26.4,5.8,6.0,7.4,8.7,6.2,8.0,25.2,21.9,20.8,21.4,292,286,289,26.4,22.6,25.2,0.0,22.7,24.3,25.5,54.6,16.7
2024-05-20,27.3,26.3,26.8,27.6,26.0,26.5,266,237,249,217,17.3,16.3,16.8,6.8,15.5,8.1,5.8,17.7,7.3,16.7,5.6,5.7,6.7,6.9,17.7,15.9,18.2,18.8,17.5,19.2,7.1,27.8,26.4,5.8,6.0,7.4,8.7,6.2,8.0,25.2,21.9,20.8,21.4,292,286,289,26.4,22.6,25.2,0.0,22.7,24.3,25.5,54.6,16.7
2024-05-21,27.3,26.3,26.8,27.6,26.0,26.5,266,237,249,217,17.3,16.3,16.8,6.8,15.5,8.1,5.8,17.7,7.3,16.7,5.6,5.7,6.7,6.9,17.7,15.9,18.2,18.8,17.5,19.2,7.1,27.8,26.4,5.8,6.0,7.4,8.7,6.2,8.0,25.2,21.9,20.8,21.4,292,286,289,26.4,22.6,25.2,0.0,22.7,24.3,25.5,54.6,16.7
2024-05-22,27.8,26.7,27.1,28.1,26.7,27.1,275,236,249,216,17.5,16.3,16.8,7.6,15.5,8.5,5.8,17.7,8.0,16.7,5.7,5.7,6.7,6.9,18.1,16.5,18.2,19.2,17.5,19.2,7.1,28.5,26.6,5.6,5.8,7.2,9.2,6.1,8.0,25.6,24.0,21.1,22.4,290,284,287,28.7,22.7,26.4,0.0,23.7,25.0,26.4,51.3,16.7
2024-05-23,27.8,26.7,27.1,28.1,26.7,27.1,275,236,249,216,17.5,16.3,16.8,7.6,15.5,8.5,5.8,17.7,8.0,16.7,5.7,5.7,6.7,6.9,18.1,16.5,18.2,19.2,17.5,19.2,7.1,28.5,26.6,5.6,5.8,7.2,9.2,6.1,8.0,25.6,24.0,21.1,22.4,290,284,287,28.7,22.7,26.4,0.0,23.7,25.0,26.4,51.3,16.7
2024-05-24,27.8,26.7,27.1,28.1,26.7,27.1,275,236,249,216,17.5,16.3,16.8,7.6,15.5,8.5,5.8,17.7,8.0,16.7,5.7,5.7,6.7,6.9,18.1,16.5,18.2,19.2,17.5,19.2,7.1,28.5,26.6,5.6,5.8,7.2,9.2,6.1,8.0,25.6,24.0,21.1,22.4,290,284,287,28.7,22.7,26.4,0.0,23.7,25.0,26.4,51.3,16.7
2024-05-25,27.8,26.7,27.1,28.1,26.7,27.1,275,236,249,216,17.5,16.3,16.8,7.6,15.5,8.5,5.8,17.7,8.0,16.7,5.7,5.7,6.7,6.9,18.1,16.5,18.2,19.2,17.5,19.2,7.1,28.5,26.6,5.6,5.8,7.2,9.2,6.1,8.0,25.6,24.0,21.1,22.4,290,284,287,28.7,22.7,26.4,0.0,23.7,25.0,26.4,51.3,16.7
2024-05-26,28.2,27.4,27.7,28.2,27.0,27.5,259,237,246,214,17.2,16.5,16.9,7.3,15.5,8.2,5.8,17.7,7.7,16.7,5.7,5.7,6.8,6.9,18.0,16.9,18.2,18.9,17.5,19.2,7.1,28.2,27.0,5.7,6.0,7.5,8.7,6.4,8.2,26.1,24.4,22.7,23.5,291,284,287,27.3,20.4,24.8,0.0,24.9,25.6,26.2,48.8,16.7
2024-05-27,28.2,27.4,27.7,28.2,27.0,27.5,259,237,246,214,17.2,16.5,16.9,7.3,15.5,8.2,5.8,17.7,7.7,16.7,5.7,5.7,6.8,6.9,18.0,16.9,18.2,18.9,17.5,19.2,7.1,28.2,27.0,5.7,6.0,7.5,8.7,6.4,8.2,26.1,24.4,22.7,23.5,291,284,287,27.3,20.4,24.8,0.0,24.9,25.6,26.2,48.8,16.7
2024-05-28,28.2,27.4,27.7,28.2,27.0,27.5,259,237,246,214,17.2,16.5,16.9,7.3,15.5,8.2,5.8,17.7,7.7,16.7,5.7,5.7,6.8,6.9,18.0,16.9,18.2,18.9,17.5,19.2,7.1,28.2,27.0,5.7,6.0,7.5,8.7,6.4,8.2,26.1,24.4,22.7,23.5,291,284,287,27.3,20.4,24.8,0.0,24.9,25.6,26.2,48.8,16.7
2024-05-29,28.2,27.4,27.7,28.2,27.0,27.5,259,237,246,214,17.2,16.5,16.9,7.3,15.5,8.2,5.8,17.7,7.7,16.7,5.7,5.7,6.8,6.9,18.0,16.9,18.2,18.9,17.5,19.2,7.1,28.2,27.0,5.7,6.0,7.5,8.7,6.4,8.2,26.1,24.4,22.7,23.5,291,284,287,27.3,20.4,24.8,0.0,24.9,25.6,26.2,48.8,16.7
2024-05-30,28.5,27.9,28.2,28.6,27.6,28.0,269,236,246,214,17.4,15.7,16.8,6.9,15.5,8.2,5.8,17.7,7.6,16.7,5.6,5.7,6.8,6.9,18.8,17.0,18.2,20.3,17.5,19.2,7.2,26.8,26.3,5.8,6.0,7.8,9.8,6.4,8.4,25.7,25.6,23.6,24.5,292,285,289,24.9,14.3,22.0,5.6,24.4,25.1,25.8,48.5,16.7
2024-05-31,28.5,27.9,28.2,28.6,27.6,28.0,269,236,246,214,17.4,15.7,16.8,6.9,15.5,8.2,5.8,17.7,7.6,16.7,5.6,5.7,6.8,6.9,18.8,17.0,18.2,20.3,17.5,19.2,7.2,26.8,26.3,5.8,6.0,7.8,9.8,6.4,8.4,25.7,25.6,23.6,24.5,292,285,289,24.9,14.3,22.0,5.6,24.4,25.1,25.8,48.5,16.7
2024-06-01,28.5,27.9,28.2,28.6,27.6,28.0,269,236,246,214,17.4,15.7,16.8,6.9,15.5,8.2,5.8,17.7,7.6,16.7,5.6,5.7,6.8,6.9,18.8,17.0,18.2,20.3,17.5,19.2,7.2,26.8,26.3,5.8,6.0,7.8,9.8,6.4,8.4,25.7,25.6,23.6,24.5,292,285,289,24.9,14.3,22.0,5.6,24.4,25.1,25.8,48.5,16.7
2024-06-02,28.5,27.9,28.2,28.6,27.6,28.0,269,236,246,214,17.4,15.7,16.8,6.9,15.5,8.2,5.8,17.7,7.6,16.7,5.6,5.7,6.8,6.9,18.8,17.0,18.2,20.3,17.5,19.2,7.2,26.8,26.3,5.8,6.0,7.8,9.8,6.4,8.4,25.7,25.6,23.6,24.5,292,285,289,24.9,14.3,22.0,5.6,24.4,25.1,25.8,48.5,16.7
2024-06-03,28.6,28.2,28.4,28.4,28.0,28.1,255,237,246,220,18.0,13.9,16.9,6.3,15.5,10.3,6.0,17.7,8.9,16.7,5.7,5.8,6.9,7.1,19.5,17.7,18.2,21.1,17.5,19.2,7.6,26.0,25.6,5.6,5.9,7.1,10.4,6.4,8.3,25.3,25.0,24.4,24.7,292,286,289,21.4,12.6,15.9,0.1,23.0,24.0,24.4,45.9,16.7
2024-06-04,28.6,28.2,28.4,28.4,28.0,28.1,255,237,246,220,18.0,13.9,16.9,6.3,15.5,10.3,6.0,17.7,8.9,16.7,5.7,5.8,6.9,7.1,19.5,17.7,18.2,21.1,17.5,19.2,7.6,26.0,25.6,5.6,5.9,7.1,10.4,6.4,8.3,25.3,25.0,24.4,24.7,292,286,289,21.4,12.6,15.9,0.1,23.0,24.0,24.4,45.9,16.7
2024-06-05,28.6,28.2,28.4,28.4,28.0,28.1,255,237,246,220,18.0,13.9,16.9,6.3,15.5,10.3,6.0,17.7,8.9,16.7,5.7,5.8,6.9,7.1,19.5,17.7,18.2,21.1,17.5,19.2,7.6,26.0,25.6,5.6,5.9,7.1,10.4,6.4,8.3,25.3,25.0,24.4,24.7,292,286,289,21.4,12.6,15.9,0.1,23.0,24.0,24.4,45.9,16.7
2024-06-06,28.6,28.2,28.4,28.4,28.0,28.1,255,237,246,220,18.0,13.9,16.9,6.3,15.5,10.3,6.0,17.7,8.9,16.7,5.7,5.8,6.9,7.1,19.5,17.7,18.2,21.1,17.5,19.2,7.6,26.0,25.6,5.6,5.9,7.1,10.4,6.4,8.3,25.3,25.0,24.4,24.7,292,286,289,21.4,12.6,15.9,0.1,23.0,24.0,24.4,45.9,16.7
2024-06-07,28.3,27.9,28.1,28.4,27.8,28.1,271,247,261,226,14.9,13.2,14.0,6.5,15.5,8.2,5.9,17.7,7.1,16.7,5.7,5.8,7.0,7.1,20.3,18.3,18.2,21.8,17.5,19.2,7.3,26.3,25.6,5.5,5.9,7.6,10.5,6.3,8.5,25.1,25.8,24.3,25.0,290,282,287,27.0,19.6,23.6,0.0,22.8,24.0,25.0,43.0,16.7
2024-06-08,28.3,27.9,28.1,28.4,27.8,28.1,271,247,261,226,14.9,13.2,14.0,6.5,15.5,8.2,5.9,17.7,7.1,16.7,5.7,5.8,7.0,7.1,20.3,18.3,18.2,21.8,17.5,19.2,7.3,26.3,25.6,5.5,5.9,7.6,10.5,6.3,8.5,25.1,25.8,24.3,25.0,290,282,287,27.0,19.6,23.6,0.0,22.8,24.0,25.0,43.0,16.7
2024-06-09,28.3,27.9,28.1,28.4,27.8,28.1,271,247,261,226,14.9,13.2,14.0,6.5,15.5,8.2,5.9,17.7,7.1,16.7,5.7,5.8,7.0,7.1,20.3,18.3,18.2,21.8,17.5,19.2,7.3,26.3,25.6,5.5,5.9,7.6,10.5,6.3,8.5,25.1,25.8,24.3,25.0,290,282,287,27.0,19.6,23.6,0.0,22.8,24.0,25.0,43.0,16.7
2024-06-10,28.3,27.9,28.1,28.4,27.8,28.1,271,247,261,226,14.9,13.2,14.0,6.5,15.5,8.2,5.9,17.7,7.1,16.7,5.7,5.8,7.0,7.1,20.3,18.3,18.2,21.8,17.5,19.2,7.3,26.3,25.6,5.5,5.9,7.6,10.5,6.3,8.5,25.1,25.8,24.3,25.0,290,282,287,27.0,19.6,23.6,0.0,22.8,24.0,25.0,43.0,16.7
2024-06-11,28.6,27.9,28.2,28.6,28.0,28.2,254,210,223,225,14.7,13.9,14.2,7.7,15.5,8.9,5.9,17.7,8.2,16.7,5.7,5.8,7.0,7.1,20.4,18.9,18.2,21.5,17.5,19.2,7.2,28.6,26.7,5.7,6.0,8.0,9.3,6.2,8.5,25.2,25.6,24.8,25.1,288,282,285,25.7,21.8,24.7,0.1,23.0,24.2,25.2,43.4,16.7
2024-06-12,28.6,27.9,28.2,28.6,28.0,28.2,254,210,223,225,14.7,13.9,14.2,7.7,15.5,8.9,5.9,17.7,8.2,16.7,5.7,5.8,7.0,7.1,20.4,18.9,18.2,21.5,17.5,19.2,7.2,28.6,26.7,5.7,6.0,8.0,9.3,6.2,8.5,25.2,25.6,24.8,25.1,288,282,285,25.7,21.8,24.7,0.1,23.0,24.2,25.2,43.4,16.7
2024-06-13,28.6,27.9,28.2,28.6,28.0,28.2,254,210,223,225,14.7,13.9,14.2,7.7,15.5,8.9,5.9,17.7,8.2,16.7,5.7,5.8,7.0,7.1,20.4,18.9,18.2,21.5,17.5,19.2,7.2,28.6,26.7,5.7,6.0,8.0,9.3,6.2,8.5,25.2,25.6,24.8,25.1,288,282,285,25.7,21.8,24.7,0.1,23.0,24.2,25.2,43.4,16.7
2024-06-14,28.6,27.9,28.2,28.6,28.0,28.2,254,210,223,225,14.7,13.9,14.2,7.7,15.5,8.9,5.9,17.7,8.2,16.7,5.7,5.8,7.0,7.1,20.4,18.9,18.2,21.5,17.5,19.2,7.2,28.6,26.7,5.7,6.0,8.0,9.3,6.2,8.5,25.2,25.6,24.8,25.1,288,282,285,25.7,21.8,24.7,0.1,23.0,24.2,25.2,43.4,16.7
2024-06-15,29.1,28.1,28.5,28.8,28.0,28.4,225,214,220,224,15.3,13.6,14.5,7.6,15.5,9.6,6.0,17.7,8.3,16.7,5.6,5.7,7.0,7.1,20.5,19.4,18.2,21.6,17.5,19.2,7.3,28.8,27.2,5.7,6.0,7.7,9.4,6.4,8.5,25.9,26.0,24.1,25.1,287,282,285,25.9,22.1,24.1,0.0,23.9,25.0,26.1,43.4,16.7
2024-06-16,29.1,28.1,28.5,28.8,28.0,28.4,225,214,220,224,15.3,13.6,14.5,7.6,15.5,9.6,6.0,17.7,8.3,16.7,5.6,5.7,7.0,7.1,20.5,19.4,18.2,21.6,17.5,19.2,7.3,28.8,27.2,5.7,6.0,7.7,9.4,6.4,8.5,25.9,26.0,24.1,25.1,287,282,285,25.9,22.1,24.1,0.0,23.9,25.0,26.1,43.4,16.7
2024-06-17,29.1,28.1,28.5,28.8,28.0,28.4,225,214,220,224,15.3,13.6,14.5,7.6,15.5,9.6,6.0,17.7,8.3,16.7,5.6,5.7,7.0,7.1,20.5,19.4,18.2,21.6,17.5,19.2,7.3,28.8,27.2,5.7,6.0,7.7,9.4,6.4,8.5,25.9,26.0,24.1,25.1,287,282,285,25.9,22.1,24.1,0.0,23.9,25.0,26.1,43.4,16.7
2024-06-18,29.1,28.1,28.5,28.8,28.0,28.4,225,214,220,224,15.3,13.6,14.5,7.6,15.5,9.6,6.0,17.7,8.3,16.7,5.6,5.7,7.0,7.1,20.5,19.4,18.2,21.6,17.5,19.2,7.3,28.8,27.2,5.7,6.0,7.7,9.4,6.4,8.5,25.9,26.0,24.1,25.1,287,282,285,25.9,22.1,24.1,0.0,23.9,25.0,26.1,43.4,16.7
2024-06-19,29.0,28.2,28.6,29.2,28.3,28.6,218,192,208,231,15.3,13.5,14.3,7.4,15.5,9.5,5.9,17.7,8.6,16.7,5.7,5.8,7.0,7.2,21.0,19.7,18.2,22.0,17.5,19.2,7.6,29.1,27.2,5.6,6.0,7.8,10.3,6.3,8.9,24.0,27.0,25.1,25.9,287,280,284,24.7,20.1,22.5,0.0,25.2,25.9,26.9,42.9,16.7
2024-06-20,29.0,28.2,28.6,29.2,28.3,28.6,218,192,208,231,15.3,13.5,14.3,7.4,15.5,9.5,5.9,17.7,8.6,16.7,5.7,5.8,7.0,7.2,21.0,19.7,18.2,22.0,17.5,19.2,7.6,29.1,27.2,5.6,6.0,7.8,10.3,6.3,8.9,24.0,27.0,25.1,25.9,287,280,284,24.7,20.1,22.5,0.0,25.2,25.9,26.9,42.9,16.7
2024-06-21,29.0,28.2,28.6,29.2,28.3,28.6,218,192,208,231,15.3,13.5,14.3,7.4,15.5,9.5,5.9,17.7,8.6,16.7,5.7,5.8,7.0,7.2,21.0,19.7,18.2,22.0,17.5,19.2,7.6,29.1,27.2,5.6,6.0,7.8,10.3,6.3,8.9,24.0,27.0,25.1,25.9,287,280,284,24.7,20.1,22.5,0.0,25.2,25.9,26.9,42.9,16.7
2024-06-22,29.0,28.2,28.6,29.2,28.3,28.6,218,192,208,231,15.3,13.5,14.3,7.4,15.5,9.5,5.9,17.7,8.6,16.7,5.7,5.8,7.0,7.2,21.0,19.7,18.2,22.0,17.5,19.2,7.6,29.1,27.2,5.6,6.0,7.8,10.3,6.3,8.9,24.0,27.0,25.1,25.9,287,280,284,24.7,20.1,22.5,0.0,25.2,25.9,26.9,42.9,16.7
2024-06-23,29.1,28.3,28.7,29.1,28.4,28.7,208,196,199,237,14.7,13.6,14.2,7.2,15.5,8.7,5.9,17.7,8.0,16.7,5.7,5.8,7.1,7.3,21.8,19.1,18.2,26.8,17.5,19.2,7.7,30.7,25.9,5.7,6.0,7.3,10.9,6.5,8.9,22.1,26.3,25.4,25.9,285,280,283,24.9,21.0,22.8,0.3,25.6,26.0,26.5,51.1,16.7
2024-06-24,29.1,28.3,28.7,29.1,28.4,28.7,208,196,199,237,14.7,13.6,14.2,7.2,15.5,8.7,5.9,17.7,8.0,16.7,5.7,5.8,7.1,7.3,21.8,19.1,18.2,26.8,17.5,19.2,7.7,30.7,25.9,5.7,6.0,7.3,10.9,6.5,8.9,22.1,26.3,25.4,25.9,285,280,283,24.9,21.0,22.8,0.3,25.6,26.0,26.5,51.1,16.7
2024-06-25,29.1,28.3,28.7,29.1,28.4,28.7,208,196,199,237,14.7,13.6,14.2,7.2,15.5,8.7,5.9,17.7,8.0,16.7,5.7,5.8,7.1,7.3,21.8,19.1,18.2,26.8,17.5,19.2,7.7,30.7,25.9,5.7,6.0,7.3,10.9,6.5,8.9,22.1,26.3,25.4,25.9,285,280,283,24.9,21.0,22.8,0.3,25.6,26.0,26.5,51.1,16.7
2024-06-26,29.1,28.3,28.7,29.1,28.4,28.7,208,196,199,237,14.7,13.6,14.2,7.2,15.5,8.7,5.9,17.7,8.0,16.7,5.7,5.8,7.1,7.3,21.8,19.1,18.2,26.8,17.5,19.2,7.7,30.7,25.9,5.7,6.0,7.3,10.9,6.5,8.9,22.1,26.3,25.4,25.9,285,280,283,24.9,21.0,22.8,0.3,25.6,26.0,26.5,51.1,16.7
2024-06-27,28.8,28.2,28.5,28.7,28.3,28.5,208,195,201,235,18.0,13.6,15.0,6.9,15.5,9.5,6.0,17.7,8.0,16.7,5.6,5.8,7.4,7.6,21.7,18.9,18.2,25.1,17.5,19.2,8.3,32.4,23.6,5.6,6.1,7.7,10.8,6.7,9.0,20.2,25.9,25.3,25.6,284,279,282,22.7,21.0,22.1,0.0,25.1,25.5,25.9,49.0,16.7
2024-06-28,28.8,28.2,28.5,28.7,28.3,28.5,208,195,201,235,18.0,13.6,15.0,6.9,15.5,9.5,6.0,17.7,8.0,16.7,5.6,5.8,7.4,7.6,21.7,18.9,18.2,25.1,17.5,19.2,8.3,32.4,23.6,5.6,6.1,7.7,10.8,6.7,9.0,20.2,25.9,25.3,25.6,284,279,282,22.7,21.0,22.1,0.0,25.1,25.5,25.9,49.0,16.7
2024-06-29,28.8,28.2,28.5,28.7,28.3,28.5,208,195,201,235,18.0,13.6,15.0,6.9,15.5,9.5,6.0,17.7,8.0,16.7,5.6,5.8,7.4,7.6,21.7,18.9,18.2,25.1,17.5,19.2,8.3,32.4,23.6,5.6,6.1,7.7,10.8,6.7,9.0,20.2,25.9,25.3,25.6,284,279,282,22.7,21.0,22.1,0.0,25.1,25.5,25.9,49.0,16.7
2024-06-30,28.8,28.2,28.5,28.7,28.3,28.5,208,195,201,235,18.0,13.6,15.0,6.9,15.5,9.5,6.0,17.7,8.0,16.7,5.6,5.8,7.4,7.6,21.7,18.9,18.2,25.1,17.5,19.2,8.3,32.4,23.6,5.6,6.1,7.7,10.8,6.7,9.0,20.2,25.9,25.3,25.6,284,279,282,22.7,21.0,22.1,0.0,25.1,25.5,25.9,49.0,16.7
2024-07-01,28.2,27.5,27.8,28.4,27.5,27.9,257,183,225,234,15.9,14.3,14.9,7.7,15.5,11.0,6.2,17.7,9.4,16.7,5.9,6.0,7.1,7.5,23.0,21.7,18.2,24.8,17.5,19.2,7.7,26.8,22.5,5.5,5.9,7.6,10.0,6.4,8.6,18.4,25.3,24.0,24.7,286,282,284,25.2,22.5,23.8,0.0,24.2,24.8,25.2,43.3,16.7
2024-07-02,28.2,27.5,27.8,28.4,27.5,27.9,257,183,225,234,15.9,14.3,14.9,7.7,15.5,11.0,6.2,17.7,9.4,16.7,5.9,6.0,7.1,7.5,23.0,21.7,18.2,24.8,17.5,19.2,7.7,26.8,22.5,5.5,5.9,7.6,10.0,6.4,8.6,18.4,25.3,24.0,24.7,286,282,284,25.2,22.5,23.8,0.0,24.2,24.8,25.2,43.3,16.7
2024-07-03,28.2,27.5,27.8,28.4,27.5,27.9,257,183,225,234,15.9,14.3,14.9,7.7,15.5,11.0,6.2,17.7,9.4,16.7,5.9,6.0,7.1,7.5,23.0,21.7,18.2,24.8,17.5,19.2,7.7,26.8,22.5,5.5,5.9,7.6,10.0,6.4,8.6,18.4,25.3,24.0,24.7,286,282,284,25.2,22.5,23.8,0.0,24.2,24.8,25.2,43.3,16.7
2024-07-04,28.2,27.5,27.8,28.4,27.5,27.9,257,183,225,234,15.9,14.3,14.9,7.7,15.5,11.0,6.2,17.7,9.4,16.7,5.9,6.0,7.1,7.5,23.0,21.7,18.2,24.8,17.5,19.2,7.7,26.8,22.5,5.5,5.9,7.6,10.0,6.4,8.6,18.4,25.3,24.0,24.7,286,282,284,25.2,22.5,23.8,0.0,24.2,24.8,25.2,43.3,16.7
2024-07-05,28.5,27.2,27.6,28.1,27.2,27.6,272,241,252,232,15.8,14.1,15.0,7.3,15.5,10.0,6.0,17.7,8.3,16.7,5.8,5.9,7.3,7.5,23.3,22.2,18.2,24.3,17.5,19.2,7.7,31.2,21.3,5.8,6.0,7.6,10.8,6.5,9.3,15.4,24.0,22.2,22.8,288,283,285,25.9,23.4,24.5,0.0,23.6,24.2,24.8,42.9,16.7
2024-07-06,28.5,27.2,27.6,28.1,27.2,27.6,272,241,252,232,15.8,14.1,15.0,7.3,15.5,10.0,6.0,17.7,8.3,16.7,5.8,5.9,7.3,7.5,23.3,22.2,18.2,24.3,17.5,19.2,7.7,31.2,21.3,5.8,6.0,7.6,10.8,6.5,9.3,15.4,24.0,22.2,22.8,288,283,285,25.9,23.4,24.5,0.0,23.6,24.2,24.8,42.9,16.7
2024-07-07,28.5,27.2,27.6,28.1,27.2,27.6,272,241,252,232,15.8,14.1,15.0,7.3,15.5,10.0,6.0,17.7,8.3,16.7,5.8,5.9,7.3,7.5,23.3,22.2,18.2,24.3,17.5,19.2,7.7,31.2,21.3,5.8,6.0,7.6,10.8,6.5,9.3,15.4,24.0,22.2,22.8,288,283,285,25.9,23.4,24.5,0.0,23.6,24.2,24.8,42.9,16.7
2024-07-08,28.5,27.2,27.6,28.1,27.2,27.6,272,241,252,232,15.8,14.1,15.0,7.3,15.5,10.0,6.0,17.7,8.3,16.7,5.8,5.9,7.3,7.5,23.3,22.2,18.2,24.3,17.5,19.2,7.7,31.2,21.3,5.8,6.0,7.6,10.8,6.5,9.3,15.4,24.0,22.2,22.8,288,283,285,25.9,23.4,24.5,0.0,23.6,24.2,24.8,42.9,16.7
2024-07-09,27.6,26.8,27.3,27.7,26.9,27.3,284,228,253,231,16.3,14.4,15.4,7.9,15.5,9.9,6.1,17.7,9.4,16.7,5.9,5.9,7.1,7.4,23.6,22.3,18.2,24.4,17.5,19.2,7.8,27.1,21.7,5.7,6.1,8.4,9.9,6.3,9.2,15.6,24.0,22.3,23.1,286,282,284,25.2,22.1,23.7,0.0,23.5,24.1,24.6,41.4,16.7
2024-07-10,27.6,26.8,27.3,27.7,26.9,27.3,284,228,253,231,16.3,14.4,15.4,7.9,15.5,9.9,6.1,17.7,9.4,16.7,5.9,5.9,7.1,7.4,23.6,22.3,18.2,24.4,17.5,19.2,7.8,27.1,21.7,5.7,6.1,8.4,9.9,6.3,9.2,15.6,24.0,22.3,23.1,286,282,284,25.2,22.1,23.7,0.0,23.5,24.1,24.6,41.4,16.7
2024-07-11,27.6,26.8,27.3,27.7,26.9,27.3,284,228,253,231,16.3,14.4,15.4,7.9,15.5,9.9,6.1,17.7,9.4,16.7,5.9,5.9,7.1,7.4,23.6,22.3,18.2,24.4,17.5,19.2,7.8,27.1,21.7,5.7,6.1,8.4,9.9,6.3,9.2,15.6,24.0,22.3,23.1,286,282,284,25.2,22.1,23.7,0.0,23.5,24.1,24.6,41.4,16.7
2024-07-12,27.6,26.8,27.3,27.7,26.9,27.3,284,228,253,231,16.3,14.4,15.4,7.9,15.5,9.9,6.1,17.7,9.4,16.7,5.9,5.9,7.1,7.4,23.6,22.3,18.2,24.4,17.5,19.2,7.8,27.1,21.7,5.7,6.1,8.4,9.9,6.3,9.2,15.6,24.0,22.3,23.1,286,282,284,25.2,22.1,23.7,0.0,23.5,24.1,24.6,41.4,16.7
2024-07-13,27.6,27.0,27.3,27.6,27.1,27.2,272,201,229,230,16.5,14.6,15.6,7.9,15.5,9.7,6.0,17.7,8.5,16.7,5.8,5.8,7.3,7.5,23.8,22.7,18.2,25.3,17.5,19.2,7.7,31.8,23.5,5.8,6.0,8.1,10.2,6.4,9.2,18.5,24.5,23.1,23.8,284,279,282,26.0,21.5,24.0,0.0,23.6,24.3,25.1,39.4,16.7
2024-07-14,27.6,27.0,27.3,27.6,27.1,27.2,272,201,229,230,16.5,14.6,15.6,7.9,15.5,9.7,6.0,17.7,8.5,16.7,5.8,5.8,7.3,7.5,23.8,22.7,18.2,25.3,17.5,19.2,7.7,31.8,23.5,5.8,6.0,8.1,10.2,6.4,9.2,18.5,24.5,23.1,23.8,284,279,282,26.0,21.5,24.0,0.0,23.6,24.3,25.1,39.4,16.7
2024-07-15,27.6,27.0,27.3,27.6,27.1,27.2,272,201,229,230,16.5,14.6,15.6,7.9,15.5,9.7,6.0,17.7,8.5,16.7,5.8,5.8,7.3,7.5,23.8,22.7,18.2,25.3,17.5,19.2,7.7,31.8,23.5,5.8,6.0,8.1,10.2,6.4,9.2,18.5,24.5,23.1,23.8,284,279,282,26.0,21.5,24.0,0.0,23.6,24.3,25.1,39.4,16.7
2024-07-16,27.6,27.0,27.3,27.6,27.1,27.2,272,201,229,230,16.5,14.6,15.6,7.9,15.5,9.7,6.0,17.7,8.5,16.7,5.8,5.8,7.3,7.5,23.8,22.7,18.2,25.3,17.5,19.2,7.7,31.8,23.5,5.8,6.0,8.1,10.2,6.4,9.2,18.5,24.5,23.1,23.8,284,279,282,26.0,21.5,24.0,0.0,23.6,24.3,25.1,39.4,16.7
2024-07-17,27.8,27.1,27.4,27.8,27.0,27.3,216,204,211,237,16.2,14.9,15.5,7.9,15.5,9.8,5.9,17.7,8.8,16.7,5.7,5.8,7.4,7.5,24.2,23.2,18.2,25.2,17.5,19.2,7.8,28.7,22.4,5.7,6.1,8.6,10.5,6.5,9.6,18.1,25.6,23.5,24.5,284,277,281,26.8,23.6,25.1,0.0,23.6,24.6,25.5,42.3,16.7
2024-07-18,27.8,27.1,27.4,27.8,27.0,27.3,216,204,211,237,16.2,14.9,15.5,7.9,15.5,9.8,5.9,17.7,8.8,16.7,5.7,5.8,7.4,7.5,24.2,23.2,18.2,25.2,17.5,19.2,7.8,28.7,22.4,5.7,6.1,8.6,10.5,6.5,9.6,18.1,25.6,23.5,24.5,284,277,281,26.8,23.6,25.1,0.0,23.6,24.6,25.5,42.3,16.7
2024-07-19,27.8,27.1,27.4,27.8,27.0,27.3,216,204,211,237,16.2,14.9,15.5,7.9,15.5,9.8,5.9,17.7,8.8,16.7,5.7,5.8,7.4,7.5,24.2,23.2,18.2,25.2,17.5,19.2,7.8,28.7,22.4,5.7,6.1,8.6,10.5,6.5,9.6,18.1,25.6,23.5,24.5,284,277,281,26.8,23.6,25.1,0.0,23.6,24.6,25.5,42.3,16.7
2024-07-20,27.8,27.1,27.4,27.8,27.0,27.3,216,204,211,237,16.2,14.9,15.5,7.9,15.5,9.8,5.9,17.7,8.8,16.7,5.7,5.8,7.4,7.5,24.2,23.2,18.2,25.2,17.5,19.2,7.8,28.7,22.4,5.7,6.1,8.6,10.5,6.5,9.6,18.1,25.6,23.5,24.5,284,277,281,26.8,23.6,25.1,0.0,23.6,24.6,25.5,42.3,16.7
2024-07-21,27.7,27.1,27.4,27.5,27.1,27.3,228,211,219,242,16.4,14.9,15.9,8.5,15.5,10.9,5.9,17.7,9.3,16.7,5.8,5.8,7.3,7.6,24.6,23.8,18.2,25.4,17.5,19.2,7.8,25.4,21.8,5.8,6.1,8.0,10.7,6.3,9.3,19.5,25.7,24.5,24.9,284,279,282,26.0,23.0,24.8,0.4,24.6,25.1,25.9,51.1,16.7
2024-07-22,27.7,27.1,27.4,27.5,27.1,27.3,228,211,219,242,16.4,14.9,15.9,8.5,15.5,10.9,5.9,17.7,9.3,16.7,5.8,5.8,7.3,7.6,24.6,23.8,18.2,25.4,17.5,19.2,7.8,25.4,21.8,5.8,6.1,8.0,10.7,6.3,9.3,19.5,25.7,24.5,24.9,284,279,282,26.0,23.0,24.8,0.4,24.6,25.1,25.9,51.1,16.7
2024-07-23,27.7,27.1,27.4,27.5,27.1,27.3,228,211,219,242,16.4,14.9,15.9,8.5,15.5,10.9,5.9,17.7,9.3,16.7,5.8,5.8,7.3,7.6,24.6,23.8,18.2,25.4,17.5,19.2,7.8,25.4,21.8,5.8,6.1,8.0,10.7,6.3,9.3,19.5,25.7,24.5,24.9,284,279,282,26.0,23.0,24.8,0.4,24.6,25.1,25.9,51.1,16.7
2024-07-24,27.7,27.1,27.4,27.5,27.1,27.3,228,211,219,242,16.4,14.9,15.9,8.5,15.5,10.9,5.9,17.7,9.3,16.7,5.8,5.8,7.3,7.6,24.6,23.8,18.2,25.4,17.5,19.2,7.8,25.4,21.8,5.8,6.1,8.0,10.7,6.3,9.3,19.5,25.7,24.5,24.9,284,279,282,26.0,23.0,24.8,0.4,24.6,25.1,25.9,51.1,16.7
2024-07-25,27.3,26.7,27.1,27.4,26.9,27.2,222,206,214,240,16.4,15.0,15.7,8.3,15.5,10.4,5.9,17.7,9.3,16.7,5.7,5.8,7.4,7.5,24.7,23.6,18.2,25.1,17.5,19.2,7.7,24.1,21.1,5.8,6.1,8.7,10.7,6.3,9.6,19.4,25.9,24.5,25.2,284,278,281,25.8,21.3,24.1,0.0,24.6,25.2,25.5,57.6,16.7
2024-07-26,27.3,26.7,27.1,27.4,26.9,27.2,222,206,214,240,16.4,15.0,15.7,8.3,15.5,10.4,5.9,17.7,9.3,16.7,5.7,5.8,7.4,7.5,24.7,23.6,18.2,25.1,17.5,19.2,7.7,24.1,21.1,5.8,6.1,8.7,10.7,6.3,9.6,19.4,25.9,24.5,25.2,284,278,281,25.8,21.3,24.1,0.0,24.6,25.2,25.5,57.6,16.7
2024-07-27,27.3,26.7,27.1,27.4,26.9,27.2,222,206,214,240,16.4,15.0,15.7,8.3,15.5,10.4,5.9,17.7,9.3,16.7,5.7,5.8,7.4,7.5,24.7,23.6,18.2,25.1,17.5,19.2,7.7,24.1,21.1,5.8,6.1,8.7,10.7,6.3,9.6,19.4,25.9,24.5,25.2,284,278,281,25.8,21.3,24.1,0.0,24.6,25.2,25.5,57.6,16.7
2024-07-28,27.3,26.7,27.1,27.4,26.9,27.2,222,206,214,240,16.4,15.0,15.7,8.3,15.5,10.4,5.9,17.7,9.3,16.7,5.7,5.8,7.4,7.5,24.7,23.6,18.2,25.1,17.5,19.2,7.7,24.1,21.1,5.8,6.1,8.7,10.7,6.3,9.6,19.4,25.9,24.5,25.2,284,278,281,25.8,21.3,24.1,0.0,24.6,25.2,25.5,57.6,16.7
2024-07-29,27.1,26.6,26.9,27.0,26.7,26.8,220,207,214,238,17.0,15.3,16.3,9.5,15.5,12.7,6.2,17.7,10.9,16.7,5.8,5.9,7.4,7.6,25.2,23.9,18.2,26.3,17.5,19.2,8.3,26.5,21.6,6.0,6.2,8.7,10.4,6.5,9.4,17.0,25.7,24.5,25.1,284,278,281,22.5,19.4,21.2,0.1,24.1,25.0,25.3,58.0,16.7
2024-07-30,27.1,26.6,26.9,27.0,26.7,26.8,220,207,214,238,17.0,15.3,16.3,9.5,15.5,12.7,6.2,17.7,10.9,16.7,5.8,5.9,7.4,7.6,25.2,23.9,18.2,26.3,17.5,19.2,8.3,26.5,21.6,6.0,6.2,8.7,10.4,6.5,9.4,17.0,25.7,24.5,25.1,284,278,281,22.5,19.4,21.2,0.1,24.1,25.0,25.3,58.0,16.7
2024-07-31,27.1,26.6,26.9,27.0,26.7,26.8,220,207,214,238,17.0,15.3,16.3,9.5,15.5,12.7,6.2,17.7,10.9,16.7,5.8,5.9,7.4,7.6,25.2,23.9,18.2,26.3,17.5,19.2,8.3,26.5,21.6,6.0,6.2,8.7,10.4,6.5,9.4,17.0,25.7,24.5,25.1,284,278,281,22.5,19.4,21.2,0.1,24.1,25.0,25.3,58.0,16.7
2024-08-01,27.1,26.6,26.9,27.0,26.7,26.8,220,207,214,238,17.0,15.3,16.3,9.5,15.5,12.7,6.2,17.7,10.9,16.7,5.8,5.9,7.4,7.6,25.2,23.9,18.2,26.3,17.5,19.2,8.3,26.5,21.6,6.0,6.2,8.7,10.4,6.5,9.4,17.0,25.7,24.5,25.1,284,278,281,22.5,19.4,21.2,0.1,24.1,25.0,25.3,58.0,16.7
2024-08-02,27.0,26.4,26.6,26.8,26.4,26.6,238,213,227,236,17.5,15.7,16.6,7.5,15.5,11.9,6.3,17.7,8.8,16.7,5.8,5.9,7.5,7.7,24.9,23.5,18.2,26.1,17.5,19.2,8.1,28.0,21.0,5.7,6.1,7.5,11.5,6.5,9.9,15.9,25.5,24.2,24.8,281,276,279,25.2,19.3,23.0,0.0,23.5,24.2,24.8,58.5,16.7
2024-08-03,27.0,26.4,26.6,26.8,26.4,26.6,238,213,227,236,17.5,15.7,16.6,7.5,15.5,11.9,6.3,17.7,8.8,16.7,5.8,5.9,7.5,7.7,24.9,23.5,18.2,26.1,17.5,19.2,8.1,28.0,21.0,5.7,6.1,7.5,11.5,6.5,9.9,15.9,25.5,24.2,24.8,281,276,279,25.2,19.3,23.0,0.0,23.5,24.2,24.8,58.5,16.7
2024-08-04,27.0,26.4,26.6,26.8,26.4,26.6,238,213,227,236,17.5,15.7,16.6,7.5,15.5,11.9,6.3,17.7,8.8,16.7,5.8,5.9,7.5,7.7,24.9,23.5,18.2,26.1,17.5,19.2,8.1,28.0,21.0,5.7,6.1,7.5,11.5,6.5,9.9,15.9,25.5,24.2,24.8,281,276,279,25.2,19.3,23.0,0.0,23.5,24.2,24.8,58.5,16.7
2024-08-05,27.0,26.4,26.6,26.8,26.4,26.6,238,213,227,236,17.5,15.7,16.6,7.5,15.5,11.9,6.3,17.7,8.8,16.7,5.8,5.9,7.5,7.7,24.9,23.5,18.2,26.1,17.5,19.2,8.1,28.0,21.0,5.7,6.1,7.5,11.5,6.5,9.9,15.9,25.5,24.2,24.8,281,276,279,25.2,19.3,23.0,0.0,23.5,24.2,24.8,58.5,16.7
2024-08-06,26.8,26.2,26.5,26.9,26.5,26.6,245,229,239,234,17.2,15.1,16.5,8.8,15.5,10.8,6.3,17.7,10.0,16.7,5.9,6.0,7.5,7.7,24.6,22.7,18.2,25.7,17.5,19.2,7.9,33.4,22.3,5.7,6.2,9.2,11.5,6.6,10.2,15.6,24.9,23.4,24.2,281,277,279,26.7,23.6,25.3,0.0,23.4,24.3,25.1,56.8,16.7
2024-08-07,26.8,26.2,26.5,26.9,26.5,26.6,245,229,239,234,17.2,15.1,16.5,8.8,15.5,10.8,6.3,17.7,10.0,16.7,5.9,6.0,7.5,7.7,24.6,22.7,18.2,25.7,17.5,19.2,7.9,33.4,22.3,5.7,6.2,9.2,11.5,6.6,10.2,15.6,24.9,23.4,24.2,281,277,279,26.7,23.6,25.3,0.0,23.4,24.3,25.1,56.8,16.7
2024-08-08,26.8,26.2,26.5,26.9,26.5,26.6,245,229,239,234,17.2,15.1,16.5,8.8,15.5,10.8,6.3,17.7,10.0,16.7,5.9,6.0,7.5,7.7,24.6,22.7,18.2,25.7,17.5,19.2,7.9,33.4,22.3,5.7,6.2,9.2,11.5,6.6,10.2,15.6,24.9,23.4,24.2,281,277,279,26.7,23.6,25.3,0.0,23.4,24.3,25.1,56.8,16.7
2024-08-09,26.8,26.2,26.5,26.9,26.5,26.6,245,229,239,234,17.2,15.1,16.5,8.8,15.5,10.8,6.3,17.7,10.0,16.7,5.9,6.0,7.5,7.7,24.6,22.7,18.2,25.7,17.5,19.2,7.9,33.4,22.3,5.7,6.2,9.2,11.5,6.6,10.2,15.6,24.9,23.4,24.2,281,277,279,26.7,23.6,25.3,0.0,23.4,24.3,25.1,56.8,16.7
2024-08-10,27.2,26.3,26.7,27.0,26.3,26.5,240,225,232,232,17.7,16.0,16.7,9.6,15.5,11.8,6.0,17.7,10.6,16.7,5.9,5.9,7.5,7.7,24.8,24.1,18.2,25.8,17.5,19.2,8.0,33.0,22.7,5.9,6.2,8.9,11.4,6.4,9.9,16.3,25.5,23.8,24.6,282,277,280,27.5,22.5,25.5,0.0,23.9,24.8,25.5,53.9,16.7
2024-08-11,27.2,26.3,26.7,27.0,26.3,26.5,240,225,232,232,17.7,16.0,16.7,9.6,15.5,11.8,6.0,17.7,10.6,16.7,5.9,5.9,7.5,7.7,24.8,24.1,18.2,25.8,17.5,19.2,8.0,33.0,22.7,5.9,6.2,8.9,11.4,6.4,9.9,16.3,25.5,23.8,24.6,282,277,280,27.5,22.5,25.5,0.0,23.9,24.8,25.5,53.9,16.7
2024-08-12,27.2,26.3,26.7,27.0,26.3,26.5,240,225,232,232,17.7,16.0,16.7,9.6,15.5,11.8,6.0,17.7,10.6,16.7,5.9,5.9,7.5,7.7,24.8,24.1,18.2,25.8,17.5,19.2,8.0,33.0,22.7,5.9,6.2,8.9,11.4,6.4,9.9,16.3,25.5,23.8,24.6,282,277,280,27.5,22.5,25.5,0.0,23.9,24.8,25.5,53.9,16.7
2024-08-13,27.2,26.3,26.7,27.0,26.3,26.5,240,225,232,232,17.7,16.0,16.7,9.6,15.5,11.8,6.0,17.7,10.6,16.7,5.9,5.9,7.5,7.7,24.8,24.1,18.2,25.8,17.5,19.2,8.0,33.0,22.7,5.9,6.2,8.9,11.4,6.4,9.9,16.3,25.5,23.8,24.6,282,277,280,27.5,22.5,25.5,0.0,23.9,24.8,25.5,53.9,16.7
2024-08-14,27.2,26.6,26.9,27.2,26.6,26.8,259,228,238,237,17.5,16.5,16.9,9.6,15.5,11.8,6.0,17.7,10.6,16.7,5.8,5.9,7.7,7.9,25.1,24.6,18.2,25.8,17.5,19.2,8.0,33.8,24.2,5.8,6.1,8.7,11.5,6.4,10.1,18.3,25.6,24.4,24.9,282,277,280,26.5,21.9,24.9,0.0,24.5,25.6,27.1,53.1,16.7
2024-08-15,27.2,26.6,26.9,27.2,26.6,26.8,259,228,238,237,17.5,16.5,16.9,9.6,15.5,11.8,6.0,17.7,10.6,16.7,5.8,5.9,7.7,7.9,25.1,24.6,18.2,25.8,17.5,19.2,8.0,33.8,24.2,5.8,6.1,8.7,11.5,6.4,10.1,18.3,25.6,24.4,24.9,282,277,280,26.5,21.9,24.9,0.0,24.5,25.6,27.1,53.1,16.7
2024-08-16,27.2,26.6,26.9,27.2,26.6,26.8,259,228,238,237,17.5,16.5,16.9,9.6,15.5,11.8,6.0,17.7,10.6,16.7,5.8,5.9,7.7,7.9,25.1,24.6,18.2,25.8,17.5,19.2,8.0,33.8,24.2,5.8,6.1,8.7,11.5,6.4,10.1,18.3,25.6,24.4,24.9,282,277,280,26.5,21.9,24.9,0.0,24.5,25.6,27.1,53.1,16.7
2024-08-17,27.2,26.6,26.9,27.2,26.6,26.8,259,228,238,237,17.5,16.5,16.9,9.6,15.5,11.8,6.0,17.7,10.6,16.7,5.8,5.9,7.7,7.9,25.1,24.6,18.2,25.8,17.5,19.2,8.0,33.8,24.2,5.8,6.1,8.7,11.5,6.4,10.1,18.3,25.6,24.4,24.9,282,277,280,26.5,21.9,24.9,0.0,24.5,25.6,27.1,53.1,16.7
2024-08-18,27.0,26.6,26.8,27.3,26.7,26.9,254,230,236,242,17.2,15.5,16.6,9.4,15.5,11.1,6.0,17.7,10.1,16.7,5.9,5.9,7.8,7.9,25.3,24.9,18.2,25.7,17.5,19.2,8.1,34.0,25.9,6.0,6.2,8.2,11.9,6.6,10.3,20.4,26.3,24.6,25.4,282,278,280,26.0,19.8,23.1,0.2,24.9,25.7,26.4,57.8,16.7
2024-08-19,27.0,26.6,26.8,27.3,26.7,26.9,254,230,236,242,17.2,15.5,16.6,9.4,15.5,11.1,6.0,17.7,10.1,16.7,5.9,5.9,7.8,7.9,25.3,24.9,18.2,25.7,17.5,19.2,8.1,34.0,25.9,6.0,6.2,8.2,11.9,6.6,10.3,20.4,26.3,24.6,25.4,282,278,280,26.0,19.8,23.1,0.2,24.9,25.7,26.4,57.8,16.7
2024-08-20,27.0,26.6,26.8,27.3,26.7,26.9,254,230,236,242,17.2,15.5,16.6,9.4,15.5,11.1,6.0,17.7,10.1,16.7,5.9,5.9,7.8,7.9,25.3,24.9,18.2,25.7,17.5,19.2,8.1,34.0,25.9,6.0,6.2,8.2,11.9,6.6,10.3,20.4,26.3,24.6,25.4,282,278,280,26.0,19.8,23.1,0.2,24.9,25.7,26.4,57.8,16.7
2024-08-21,27.0,26.6,26.8,27.3,26.7,26.9,254,230,236,242,17.2,15.5,16.6,9.4,15.5,11.1,6.0,17.7,10.1,16.7,5.9,5.9,7.8,7.9,25.3,24.9,18.2,25.7,17.5,19.2,8.1,34.0,25.9,6.0,6.2,8.2,11.9,6.6,10.3,20.4,26.3,24.6,25.4,282,278,280,26.0,19.8,23.1,0.2,24.9,25.7,26.4,57.8,16.7
2024-08-22,27.3,26.6,26.8,27.1,26.6,26.8,250,230,236,239,18.7,15.8,16.9,9.4,15.5,12.3,6.1,17.7,10.8,16.7,5.8,5.9,7.6,8.0,25.5,25.0,18.2,26.2,17.5,19.2,8.6,30.3,23.8,5.9,6.2,8.2,10.9,6.6,9.7,21.3,26.1,25.0,25.5,283,273,280,23.3,19.7,22.0,0.2,25.7,25.9,26.2,62.2,16.7
2024-08-23,27.3,26.6,26.8,27.1,26.6,26.8,250,230,236,239,18.7,15.8,16.9,9.4,15.5,12.3,6.1,17.7,10.8,16.7,5.8,5.9,7.6,8.0,25.5,25.0,18.2,26.2,17.5,19.2,8.6,30.3,23.8,5.9,6.2,8.2,10.9,6.6,9.7,21.3,26.1,25.0,25.5,283,273,280,23.3,19.7,22.0,0.2,25.7,25.9,26.2,62.2,16.7
2024-08-24,27.3,26.6,26.8,27.1,26.6,26.8,250,230,236,239,18.7,15.8,16.9,9.4,15.5,12.3,6.1,17.7,10.8,16.7,5.8,5.9,7.6,8.0,25.5,25.0,18.2,26.2,17.5,19.2,8.6,30.3,23.8,5.9,6.2,8.2,10.9,6.6,9.7,21.3,26.1,25.0,25.5,283,273,280,23.3,19.7,22.0,0.2,25.7,25.9,26.2,62.2,16.7
2024-08-25,27.3,26.6,26.8,27.1,26.6,26.8,250,230,236,239,18.7,15.8,16.9,9.4,15.5,12.3,6.1,17.7,10.8,16.7,5.8,5.9,7.6,8.0,25.5,25.0,18.2,26.2,17.5,19.2,8.6,30.3,23.8,5.9,6.2,8.2,10.9,6.6,9.7,21.3,26.1,25.0,25.5,283,273,280,23.3,19.7,22.0,0.2,25.7,25.9,26.2,62.2,16.7
2024-08-26,27.9,26.7,27.1,27.8,26.7,27.0,249,236,242,237,18.5,17.0,17.7,9.8,15.5,11.6,6.1,17.7,10.8,16.7,5.8,5.9,7.8,8.0,25.5,24.6,18.2,26.6,17.5,19.2,8.4,33.5,25.3,5.8,6.1,9.1,11.2,6.6,10.6,19.6,26.6,24.9,25.6,283,276,280,25.9,20.9,23.6,0.0,25.5,26.1,26.6,64.7,16.7
2024-08-27,27.9,26.7,27.1,27.8,26.7,27.0,249,236,242,237,18.5,17.0,17.7,9.8,15.5,11.6,6.1,17.7,10.8,16.7,5.8,5.9,7.8,8.0,25.5,24.6,18.2,26.6,17.5,19.2,8.4,33.5,25.3,5.8,6.1,9.1,11.2,6.6,10.6,19.6,26.6,24.9,25.6,283,276,280,25.9,20.9,23.6,0.0,25.5,26.1,26.6,64.7,16.7
2024-08-28,27.9,26.7,27.1,27.8,26.7,27.0,249,236,242,237,18.5,17.0,17.7,9.8,15.5,11.6,6.1,17.7,10.8,16.7,5.8,5.9,7.8,8.0,25.5,24.6,18.2,26.6,17.5,19.2,8.4,33.5,25.3,5.8,6.1,9.1,11.2,6.6,10.6,19.6,26.6,24.9,25.6,283,276,280,25.9,20.9,23.6,0.0,25.5,26.1,26.6,64.7,16.7
